pub_id,topic,disseminationdata,sent_time,sub_id,received_time,Num_topics_subscribed,latency,receivedFromBroker
pub,weather,sunny,21-53-56-763,sub,21-53-56-766,7,3.0,False
pub,humidity,82.60566348293766,21-53-56-764,sub,21-53-56-775,7,11.0,False
pub,temperature,80,21-53-56-764,sub,21-53-56-776,7,12.0,False
pub,light,1100,21-53-56-765,sub,21-53-56-776,7,11.0,False
pub,airquality,smog,21-53-56-766,sub,21-53-56-777,7,11.0,False
pub,location,America,21-53-56-767,sub,21-53-56-778,7,11.0,False
pub,weather,rainy,21-53-57-772,sub,21-53-57-773,7,1.0,False
pub,humidity,51.984156847000506,21-53-57-772,sub,21-53-57-774,7,2.0,False
pub,temperature,-16,21-53-57-772,sub,21-53-57-775,7,3.0,False
pub,light,450,21-53-57-773,sub,21-53-57-776,7,3.0,False
pub,airquality,smog,21-53-57-773,sub,21-53-57-777,7,4.0,False
pub,location,Europe,21-53-57-773,sub,21-53-57-778,7,5.0,False
pub,weather,sunny,21-53-58-774,sub,21-53-58-775,7,1.0,False
pub,humidity,79.77560298819108,21-53-58-774,sub,21-53-58-776,7,2.0,False
pub,temperature,-49,21-53-58-775,sub,21-53-58-777,7,2.0,False
pub,light,1100,21-53-58-775,sub,21-53-58-777,7,2.0,False
pub,airquality,poor,21-53-58-775,sub,21-53-58-778,7,3.0,False
pub,location,Africa,21-53-58-775,sub,21-53-58-779,7,4.0,False
pub,weather,sunny,21-53-59-777,sub,21-53-59-778,7,1.0,False
pub,humidity,29.451584272580906,21-53-59-777,sub,21-53-59-779,7,2.0,False
pub,temperature,69,21-53-59-777,sub,21-53-59-780,7,3.0,False
pub,light,1600,21-53-59-777,sub,21-53-59-780,7,3.0,False
pub,airquality,poor,21-53-59-778,sub,21-53-59-781,7,3.0,False
pub,location,Asia,21-53-59-778,sub,21-53-59-782,7,4.0,False
pub,weather,foggy,21-54-00-778,sub,21-54-00-780,7,2.0,False
pub,humidity,48.79617165433903,21-54-00-779,sub,21-54-00-781,7,2.0,False
pub,temperature,-61,21-54-00-779,sub,21-54-00-781,7,2.0,False
pub,light,450,21-54-00-779,sub,21-54-00-783,7,4.0,False
pub,airquality,poor,21-54-00-779,sub,21-54-00-784,7,5.0,False
pub,location,Europe,21-54-00-779,sub,21-54-00-785,7,6.0,False
pub,weather,cloudy,21-54-01-781,sub,21-54-01-782,7,1.0,False
pub,humidity,85.13023468703226,21-54-01-781,sub,21-54-01-783,7,2.0,False
pub,temperature,71,21-54-01-781,sub,21-54-01-784,7,3.0,False
pub,light,800,21-54-01-781,sub,21-54-01-784,7,3.0,False
pub,airquality,good,21-54-01-782,sub,21-54-01-785,7,3.0,False
pub,location,Asia,21-54-01-782,sub,21-54-01-786,7,4.0,False
pub,weather,icy,21-54-02-783,sub,21-54-02-784,7,1.0,False
pub,humidity,88.93059962514499,21-54-02-783,sub,21-54-02-785,7,2.0,False
pub,temperature,50,21-54-02-784,sub,21-54-02-785,7,1.0,False
pub,light,450,21-54-02-784,sub,21-54-02-786,7,2.0,False
pub,airquality,good,21-54-02-784,sub,21-54-02-787,7,3.0,False
pub,location,Africa,21-54-02-784,sub,21-54-02-787,7,3.0,False
pub,weather,icy,21-54-03-786,sub,21-54-03-787,7,1.0,False
pub,humidity,89.69864245915686,21-54-03-786,sub,21-54-03-788,7,2.0,False
pub,temperature,-65,21-54-03-786,sub,21-54-03-788,7,2.0,False
pub,light,1100,21-54-03-786,sub,21-54-03-788,7,2.0,False
pub,airquality,good,21-54-03-786,sub,21-54-03-789,7,3.0,False
pub,location,America,21-54-03-786,sub,21-54-03-789,7,3.0,False
pub,weather,sunny,21-54-04-788,sub,21-54-04-789,7,1.0,False
pub,humidity,56.97130211674064,21-54-04-788,sub,21-54-04-790,7,2.0,False
pub,temperature,-93,21-54-04-788,sub,21-54-04-790,7,2.0,False
pub,light,800,21-54-04-788,sub,21-54-04-791,7,3.0,False
pub,airquality,poor,21-54-04-789,sub,21-54-04-791,7,2.0,False
pub,location,Africa,21-54-04-789,sub,21-54-04-791,7,2.0,False
pub,weather,cloudy,21-54-05-790,sub,21-54-05-791,7,1.0,False
pub,humidity,91.8321454572843,21-54-05-790,sub,21-54-05-792,7,2.0,False
pub,temperature,86,21-54-05-790,sub,21-54-05-792,7,2.0,False
pub,light,450,21-54-05-790,sub,21-54-05-793,7,3.0,False
pub,airquality,poor,21-54-05-791,sub,21-54-05-793,7,2.0,False
pub,location,Asia,21-54-05-791,sub,21-54-05-794,7,3.0,False
pub,weather,sunny,21-54-06-792,sub,21-54-06-794,7,2.0,False
pub,humidity,32.58684024150117,21-54-06-793,sub,21-54-06-794,7,1.0,False
pub,temperature,1,21-54-06-793,sub,21-54-06-794,7,1.0,False
pub,light,450,21-54-06-793,sub,21-54-06-795,7,2.0,False
pub,airquality,poor,21-54-06-793,sub,21-54-06-795,7,2.0,False
pub,location,Asia,21-54-06-793,sub,21-54-06-796,7,3.0,False
pub,weather,sunny,21-54-07-794,sub,21-54-07-795,7,1.0,False
pub,humidity,55.61099892925892,21-54-07-794,sub,21-54-07-795,7,1.0,False
pub,temperature,-26,21-54-07-795,sub,21-54-07-796,7,1.0,False
pub,light,1100,21-54-07-795,sub,21-54-07-796,7,1.0,False
pub,airquality,smog,21-54-07-795,sub,21-54-07-797,7,2.0,False
pub,location,Europe,21-54-07-795,sub,21-54-07-797,7,2.0,False
pub,weather,rainy,21-54-08-797,sub,21-54-08-797,7,0.0,False
pub,humidity,98.90205757365733,21-54-08-797,sub,21-54-08-798,7,1.0,False
pub,temperature,29,21-54-08-797,sub,21-54-08-798,7,1.0,False
pub,light,1100,21-54-08-797,sub,21-54-08-799,7,2.0,False
pub,airquality,smog,21-54-08-798,sub,21-54-08-799,7,1.0,False
pub,location,America,21-54-08-798,sub,21-54-08-799,7,1.0,False
pub,weather,icy,21-54-09-800,sub,21-54-09-801,7,1.0,False
pub,humidity,79.09204985052924,21-54-09-800,sub,21-54-09-801,7,1.0,False
pub,temperature,2,21-54-09-801,sub,21-54-09-802,7,1.0,False
pub,light,1100,21-54-09-801,sub,21-54-09-802,7,1.0,False
pub,airquality,good,21-54-09-801,sub,21-54-09-803,7,2.0,False
pub,location,America,21-54-09-801,sub,21-54-09-803,7,2.0,False
pub,weather,rainy,21-54-10-802,sub,21-54-10-803,7,1.0,False
pub,humidity,22.30778281210356,21-54-10-803,sub,21-54-10-804,7,1.0,False
pub,temperature,-52,21-54-10-803,sub,21-54-10-804,7,1.0,False
pub,light,1600,21-54-10-803,sub,21-54-10-804,7,1.0,False
pub,airquality,poor,21-54-10-803,sub,21-54-10-805,7,2.0,False
pub,location,Asia,21-54-10-803,sub,21-54-10-805,7,2.0,False
pub,weather,icy,21-54-11-804,sub,21-54-11-805,7,1.0,False
pub,humidity,13.425035125520168,21-54-11-805,sub,21-54-11-806,7,1.0,False
pub,temperature,-56,21-54-11-805,sub,21-54-11-806,7,1.0,False
pub,light,1600,21-54-11-805,sub,21-54-11-806,7,1.0,False
pub,airquality,good,21-54-11-805,sub,21-54-11-806,7,1.0,False
pub,location,Australia,21-54-11-805,sub,21-54-11-807,7,2.0,False
pub,weather,cloudy,21-54-12-806,sub,21-54-12-807,7,1.0,False
pub,humidity,96.56179301070328,21-54-12-807,sub,21-54-12-808,7,1.0,False
pub,temperature,-56,21-54-12-807,sub,21-54-12-808,7,1.0,False
pub,light,1100,21-54-12-807,sub,21-54-12-809,7,2.0,False
pub,airquality,poor,21-54-12-807,sub,21-54-12-809,7,2.0,False
pub,location,Asia,21-54-12-807,sub,21-54-12-809,7,2.0,False
pub,weather,foggy,21-54-13-808,sub,21-54-13-809,7,1.0,False
pub,humidity,38.39670457780248,21-54-13-809,sub,21-54-13-810,7,1.0,False
pub,temperature,43,21-54-13-809,sub,21-54-13-810,7,1.0,False
pub,light,1100,21-54-13-809,sub,21-54-13-810,7,1.0,False
pub,airquality,good,21-54-13-809,sub,21-54-13-811,7,2.0,False
pub,location,Europe,21-54-13-809,sub,21-54-13-811,7,2.0,False
pub,weather,cloudy,21-54-14-812,sub,21-54-14-813,7,1.0,False
pub,humidity,68.1654131479851,21-54-14-812,sub,21-54-14-813,7,1.0,False
pub,temperature,2,21-54-14-812,sub,21-54-14-814,7,2.0,False
pub,light,1100,21-54-14-813,sub,21-54-14-814,7,1.0,False
pub,airquality,poor,21-54-14-813,sub,21-54-14-814,7,1.0,False
pub,location,Europe,21-54-14-813,sub,21-54-14-815,7,2.0,False
pub,weather,rainy,21-54-15-815,sub,21-54-15-816,7,1.0,False
pub,humidity,90.42421562553793,21-54-15-815,sub,21-54-15-816,7,1.0,False
pub,temperature,93,21-54-15-815,sub,21-54-15-817,7,2.0,False
pub,light,1600,21-54-15-816,sub,21-54-15-817,7,1.0,False
pub,airquality,good,21-54-15-816,sub,21-54-15-817,7,1.0,False
pub,location,Europe,21-54-15-816,sub,21-54-15-818,7,2.0,False
pub,weather,foggy,21-54-16-818,sub,21-54-16-819,7,1.0,False
pub,humidity,47.12369137891309,21-54-16-819,sub,21-54-16-820,7,1.0,False
pub,temperature,-8,21-54-16-819,sub,21-54-16-821,7,2.0,False
pub,light,450,21-54-16-819,sub,21-54-16-821,7,2.0,False
pub,airquality,good,21-54-16-820,sub,21-54-16-822,7,2.0,False
pub,location,America,21-54-16-820,sub,21-54-16-822,7,2.0,False
pub,weather,cloudy,21-54-17-822,sub,21-54-17-823,7,1.0,False
pub,humidity,78.80432985658571,21-54-17-822,sub,21-54-17-823,7,1.0,False
pub,temperature,-24,21-54-17-822,sub,21-54-17-824,7,2.0,False
pub,light,450,21-54-17-823,sub,21-54-17-825,7,2.0,False
pub,airquality,good,21-54-17-823,sub,21-54-17-826,7,3.0,False
pub,location,Europe,21-54-17-823,sub,21-54-17-828,7,5.0,False
pub,weather,icy,21-54-18-825,sub,21-54-18-827,7,2.0,False
pub,humidity,67.81027388197853,21-54-18-826,sub,21-54-18-827,7,1.0,False
pub,temperature,66,21-54-18-827,sub,21-54-18-828,7,1.0,False
pub,light,800,21-54-18-827,sub,21-54-18-829,7,2.0,False
pub,airquality,smog,21-54-18-827,sub,21-54-18-829,7,2.0,False
pub,location,Australia,21-54-18-827,sub,21-54-18-830,7,3.0,False
pub,airquality,poor,22-07-56-693,sub,22-07-56-694,4,1.0,False
pub,temperature,-37,22-07-56-693,sub,22-07-56-695,4,2.0,False
pub,airquality,poor,22-07-57-698,sub,22-07-57-698,4,0.0,False
pub,temperature,-6,22-07-57-698,sub,22-07-57-699,4,1.0,False
pub,airquality,smog,22-07-58-701,sub,22-07-58-702,4,1.0,False
pub,temperature,20,22-07-58-702,sub,22-07-58-703,4,1.0,False
pub,airquality,good,22-07-59-703,sub,22-07-59-704,4,1.0,False
pub,temperature,24,22-07-59-703,sub,22-07-59-705,4,2.0,False
pub,airquality,poor,22-08-00-706,sub,22-08-00-707,4,1.0,False
pub,temperature,58,22-08-00-706,sub,22-08-00-708,4,2.0,False
pub,airquality,poor,22-08-01-709,sub,22-08-01-710,4,1.0,False
pub,temperature,-36,22-08-01-709,sub,22-08-01-711,4,2.0,False
pub,airquality,poor,22-08-02-715,sub,22-08-02-716,4,1.0,False
pub,temperature,-93,22-08-02-715,sub,22-08-02-717,4,2.0,False
pub,airquality,smog,22-08-03-718,sub,22-08-03-719,4,1.0,False
pub,temperature,40,22-08-03-718,sub,22-08-03-720,4,2.0,False
pub,airquality,poor,22-08-04-723,sub,22-08-04-724,4,1.0,False
pub,temperature,48,22-08-04-723,sub,22-08-04-725,4,2.0,False
pub,airquality,good,22-08-05-726,sub,22-08-05-728,4,2.0,False
pub,temperature,-18,22-08-05-726,sub,22-08-05-729,4,3.0,False
pub,airquality,poor,22-08-06-730,sub,22-08-06-731,4,1.0,False
pub,temperature,-83,22-08-06-730,sub,22-08-06-732,4,2.0,False
pub,airquality,smog,22-08-07-735,sub,22-08-07-736,4,1.0,False
pub,temperature,57,22-08-07-735,sub,22-08-07-737,4,2.0,False
pub,airquality,poor,22-08-08-740,sub,22-08-08-741,4,1.0,False
pub,temperature,-52,22-08-08-741,sub,22-08-08-742,4,1.0,False
pub,airquality,smog,22-08-09-747,sub,22-08-09-748,4,1.0,False
pub,temperature,1,22-08-09-747,sub,22-08-09-749,4,2.0,False
pub,airquality,good,22-08-10-751,sub,22-08-10-751,4,0.0,False
pub,temperature,-87,22-08-10-751,sub,22-08-10-752,4,1.0,False
pub,airquality,poor,22-08-11-752,sub,22-08-11-753,4,1.0,False
pub,temperature,37,22-08-11-753,sub,22-08-11-754,4,1.0,False
pub,airquality,good,22-08-12-757,sub,22-08-12-758,4,1.0,False
pub,temperature,-43,22-08-12-758,sub,22-08-12-759,4,1.0,False
pub,airquality,smog,22-08-13-763,sub,22-08-13-764,4,1.0,False
pub,temperature,41,22-08-13-764,sub,22-08-13-765,4,1.0,False
pub,airquality,poor,22-08-14-767,sub,22-08-14-768,4,1.0,False
pub,temperature,93,22-08-14-767,sub,22-08-14-769,4,2.0,False
pub,airquality,poor,22-08-15-771,sub,22-08-15-772,4,1.0,False
pub,temperature,6,22-08-15-771,sub,22-08-15-773,4,2.0,False
pub,airquality,good,22-08-16-776,sub,22-08-16-777,4,1.0,False
pub,temperature,-32,22-08-16-776,sub,22-08-16-777,4,1.0,False
pub,airquality,good,22-08-17-781,sub,22-08-17-782,4,1.0,False
pub,temperature,-72,22-08-17-781,sub,22-08-17-783,4,2.0,False
pub,airquality,good,22-08-18-786,sub,22-08-18-787,4,1.0,False
pub,temperature,-9,22-08-18-786,sub,22-08-18-788,4,2.0,False
pub,airquality,smog,22-08-19-792,sub,22-08-19-793,4,1.0,False
pub,temperature,-78,22-08-19-792,sub,22-08-19-794,4,2.0,False
pub,airquality,poor,22-08-20-795,sub,22-08-20-797,4,2.0,False
pub,temperature,34,22-08-20-796,sub,22-08-20-798,4,2.0,False
pub,airquality,poor,22-08-21-799,sub,22-08-21-800,4,1.0,False
pub,temperature,42,22-08-21-800,sub,22-08-21-801,4,1.0,False
pub,airquality,poor,22-08-22-804,sub,22-08-22-804,4,0.0,False
pub,temperature,-54,22-08-22-804,sub,22-08-22-805,4,1.0,False
pub,airquality,good,22-08-23-806,sub,22-08-23-807,4,1.0,False
pub,temperature,37,22-08-23-806,sub,22-08-23-807,4,1.0,False
pub,airquality,good,22-08-24-809,sub,22-08-24-810,4,1.0,False
pub,temperature,-65,22-08-24-809,sub,22-08-24-811,4,2.0,False
pub,airquality,poor,22-08-25-813,sub,22-08-25-815,4,2.0,False
pub,temperature,43,22-08-25-813,sub,22-08-25-816,4,3.0,False
pub,airquality,smog,22-08-26-820,sub,22-08-26-821,4,1.0,False
pub,temperature,96,22-08-26-820,sub,22-08-26-822,4,2.0,False
pub,airquality,smog,22-08-27-822,sub,22-08-27-823,4,1.0,False
pub,temperature,52,22-08-27-823,sub,22-08-27-824,4,1.0,False
pub,airquality,poor,22-08-28-827,sub,22-08-28-827,4,0.0,False
pub,temperature,49,22-08-28-827,sub,22-08-28-828,4,1.0,False
pub,humidity,41.99588183663485,22-09-58-061,sub,22-09-58-062,6,1.0,False
pub,altitude,15079,22-09-58-061,sub,22-09-58-064,6,3.0,False
pub,location,Europe,22-09-58-062,sub,22-09-58-065,6,3.0,False
pub,light,1100,22-09-58-062,sub,22-09-58-066,6,4.0,False
pub,humidity,94.1885691296866,22-09-59-064,sub,22-09-59-066,6,2.0,False
pub,altitude,930,22-09-59-065,sub,22-09-59-067,6,2.0,False
pub,location,Africa,22-09-59-065,sub,22-09-59-067,6,2.0,False
pub,light,450,22-09-59-065,sub,22-09-59-068,6,3.0,False
pub,humidity,39.28272387946947,22-10-00-069,sub,22-10-00-070,6,1.0,False
pub,altitude,37549,22-10-00-069,sub,22-10-00-071,6,2.0,False
pub,location,Africa,22-10-00-069,sub,22-10-00-072,6,3.0,False
pub,light,800,22-10-00-070,sub,22-10-00-072,6,2.0,False
pub,humidity,27.848545966740385,22-10-01-071,sub,22-10-01-072,6,1.0,False
pub,altitude,11777,22-10-01-071,sub,22-10-01-074,6,3.0,False
pub,location,Asia,22-10-01-071,sub,22-10-01-075,6,4.0,False
pub,light,1100,22-10-01-072,sub,22-10-01-076,6,4.0,False
pub,humidity,98.47728502851726,22-10-02-073,sub,22-10-02-075,6,2.0,False
pub,altitude,35314,22-10-02-074,sub,22-10-02-076,6,2.0,False
pub,location,Europe,22-10-02-074,sub,22-10-02-077,6,3.0,False
pub,light,1100,22-10-02-074,sub,22-10-02-078,6,4.0,False
pub,humidity,82.155779425175,22-10-03-078,sub,22-10-03-080,6,2.0,False
pub,altitude,21993,22-10-03-079,sub,22-10-03-081,6,2.0,False
pub,location,Europe,22-10-03-079,sub,22-10-03-081,6,2.0,False
pub,light,1100,22-10-03-080,sub,22-10-03-082,6,2.0,False
pub,humidity,30.573794614236775,22-10-04-083,sub,22-10-04-085,6,2.0,False
pub,altitude,10464,22-10-04-083,sub,22-10-04-085,6,2.0,False
pub,location,Africa,22-10-04-084,sub,22-10-04-085,6,1.0,False
pub,light,450,22-10-04-084,sub,22-10-04-086,6,2.0,False
pub,humidity,82.13575113303128,22-10-05-087,sub,22-10-05-089,6,2.0,False
pub,altitude,18045,22-10-05-087,sub,22-10-05-090,6,3.0,False
pub,location,Europe,22-10-05-087,sub,22-10-05-091,6,4.0,False
pub,light,1100,22-10-05-088,sub,22-10-05-091,6,3.0,False
pub,humidity,67.70507623046696,22-10-06-091,sub,22-10-06-092,6,1.0,False
pub,altitude,18635,22-10-06-091,sub,22-10-06-093,6,2.0,False
pub,location,Europe,22-10-06-091,sub,22-10-06-093,6,2.0,False
pub,light,1100,22-10-06-092,sub,22-10-06-094,6,2.0,False
pub,humidity,41.49719844296811,22-10-07-094,sub,22-10-07-095,6,1.0,False
pub,altitude,23529,22-10-07-094,sub,22-10-07-096,6,2.0,False
pub,location,Asia,22-10-07-095,sub,22-10-07-097,6,2.0,False
pub,light,450,22-10-07-095,sub,22-10-07-098,6,3.0,False
pub,humidity,35.06993780420478,22-10-08-098,sub,22-10-08-100,6,2.0,False
pub,altitude,14424,22-10-08-098,sub,22-10-08-101,6,3.0,False
pub,location,America,22-10-08-099,sub,22-10-08-102,6,3.0,False
pub,light,800,22-10-08-100,sub,22-10-08-102,6,2.0,False
pub,humidity,19.945548662665345,22-10-09-101,sub,22-10-09-102,6,1.0,False
pub,altitude,21163,22-10-09-101,sub,22-10-09-102,6,1.0,False
pub,location,Europe,22-10-09-102,sub,22-10-09-103,6,1.0,False
pub,light,1600,22-10-09-102,sub,22-10-09-105,6,3.0,False
pub,humidity,86.22219268556988,22-10-10-103,sub,22-10-10-104,6,1.0,False
pub,altitude,26430,22-10-10-104,sub,22-10-10-105,6,1.0,False
pub,location,Asia,22-10-10-104,sub,22-10-10-106,6,2.0,False
pub,light,450,22-10-10-105,sub,22-10-10-107,6,2.0,False
pub,humidity,23.526435742614254,22-10-11-110,sub,22-10-11-112,6,2.0,False
pub,altitude,20735,22-10-11-111,sub,22-10-11-113,6,2.0,False
pub,location,America,22-10-11-111,sub,22-10-11-114,6,3.0,False
pub,light,1600,22-10-11-113,sub,22-10-11-115,6,2.0,False
pub,humidity,68.18825032266479,22-10-12-114,sub,22-10-12-115,6,1.0,False
pub,altitude,39548,22-10-12-114,sub,22-10-12-116,6,2.0,False
pub,location,America,22-10-12-115,sub,22-10-12-117,6,2.0,False
pub,light,450,22-10-12-115,sub,22-10-12-117,6,2.0,False
pub,humidity,81.70718565961064,22-10-13-118,sub,22-10-13-119,6,1.0,False
pub,altitude,13410,22-10-13-119,sub,22-10-13-121,6,2.0,False
pub,location,America,22-10-13-119,sub,22-10-13-121,6,2.0,False
pub,light,450,22-10-13-120,sub,22-10-13-122,6,2.0,False
pub,humidity,29.666240099848842,22-10-14-121,sub,22-10-14-122,6,1.0,False
pub,altitude,5732,22-10-14-121,sub,22-10-14-123,6,2.0,False
pub,location,Australia,22-10-14-121,sub,22-10-14-123,6,2.0,False
pub,light,450,22-10-14-122,sub,22-10-14-124,6,2.0,False
pub,humidity,72.67400701469396,22-10-15-123,sub,22-10-15-124,6,1.0,False
pub,altitude,32606,22-10-15-123,sub,22-10-15-125,6,2.0,False
pub,location,Australia,22-10-15-124,sub,22-10-15-126,6,2.0,False
pub,light,1100,22-10-15-124,sub,22-10-15-126,6,2.0,False
pub,humidity,99.31744227727134,22-10-16-127,sub,22-10-16-128,6,1.0,False
pub,altitude,14173,22-10-16-127,sub,22-10-16-129,6,2.0,False
pub,location,Africa,22-10-16-128,sub,22-10-16-130,6,2.0,False
pub,light,1100,22-10-16-128,sub,22-10-16-130,6,2.0,False
pub,humidity,42.96121002089254,22-10-17-131,sub,22-10-17-132,6,1.0,False
pub,altitude,17109,22-10-17-131,sub,22-10-17-133,6,2.0,False
pub,location,Australia,22-10-17-132,sub,22-10-17-134,6,2.0,False
pub,light,800,22-10-17-132,sub,22-10-17-134,6,2.0,False
pub,humidity,64.2292325610702,22-10-18-135,sub,22-10-18-136,6,1.0,False
pub,altitude,9954,22-10-18-135,sub,22-10-18-137,6,2.0,False
pub,location,America,22-10-18-136,sub,22-10-18-137,6,1.0,False
pub,light,800,22-10-18-136,sub,22-10-18-138,6,2.0,False
pub,humidity,77.42593476269248,22-10-19-140,sub,22-10-19-140,6,0.0,False
pub,altitude,3868,22-10-19-140,sub,22-10-19-142,6,2.0,False
pub,location,Africa,22-10-19-140,sub,22-10-19-142,6,2.0,False
pub,light,1600,22-10-19-141,sub,22-10-19-143,6,2.0,False
pub,humidity,11.320991181007734,22-10-20-144,sub,22-10-20-145,6,1.0,False
pub,altitude,867,22-10-20-144,sub,22-10-20-145,6,1.0,False
pub,location,Asia,22-10-20-144,sub,22-10-20-146,6,2.0,False
pub,light,450,22-10-20-145,sub,22-10-20-147,6,2.0,False
pub,humidity,53.59384496789236,22-10-21-148,sub,22-10-21-149,6,1.0,False
pub,altitude,30014,22-10-21-148,sub,22-10-21-150,6,2.0,False
pub,location,America,22-10-21-149,sub,22-10-21-151,6,2.0,False
pub,light,1100,22-10-21-149,sub,22-10-21-152,6,3.0,False
pub,humidity,48.929113821419016,22-10-22-152,sub,22-10-22-153,6,1.0,False
pub,altitude,6889,22-10-22-153,sub,22-10-22-154,6,1.0,False
pub,location,Europe,22-10-22-153,sub,22-10-22-155,6,2.0,False
pub,light,1100,22-10-22-153,sub,22-10-22-155,6,2.0,False
pub,humidity,32.36393846362273,22-10-23-155,sub,22-10-23-156,6,1.0,False
pub,altitude,39815,22-10-23-155,sub,22-10-23-158,6,3.0,False
pub,location,Australia,22-10-23-156,sub,22-10-23-159,6,3.0,False
pub,light,800,22-10-23-157,sub,22-10-23-159,6,2.0,False
pub,humidity,29.782218998832107,22-10-24-162,sub,22-10-24-162,6,0.0,False
pub,altitude,16396,22-10-24-162,sub,22-10-24-163,6,1.0,False
pub,location,Australia,22-10-24-162,sub,22-10-24-164,6,2.0,False
pub,light,1100,22-10-24-163,sub,22-10-24-165,6,2.0,False
pub,humidity,26.713304840681875,22-10-25-165,sub,22-10-25-166,6,1.0,False
pub,altitude,6792,22-10-25-165,sub,22-10-25-166,6,1.0,False
pub,location,Australia,22-10-25-165,sub,22-10-25-167,6,2.0,False
pub,light,1100,22-10-25-166,sub,22-10-25-168,6,2.0,False
pub,pressure,1052,22-19-48-160,sub,22-19-48-161,5,1.0,False
pub,location,Asia,22-19-48-160,sub,22-19-48-163,5,3.0,False
pub,altitude,36863,22-19-48-161,sub,22-19-48-163,5,2.0,False
pub,light,450,22-19-48-161,sub,22-19-48-165,5,4.0,False
pub,pressure,921,22-19-49-162,sub,22-19-49-163,5,1.0,False
pub,location,Asia,22-19-49-162,sub,22-19-49-165,5,3.0,False
pub,altitude,18768,22-19-49-163,sub,22-19-49-167,5,4.0,False
pub,light,1100,22-19-49-163,sub,22-19-49-169,5,6.0,False
pub,pressure,881,22-19-50-164,sub,22-19-50-167,5,3.0,False
pub,location,Asia,22-19-50-166,sub,22-19-50-168,5,2.0,False
pub,altitude,22222,22-19-50-167,sub,22-19-50-169,5,2.0,False
pub,light,450,22-19-50-167,sub,22-19-50-170,5,3.0,False
pub,pressure,1050,22-19-51-169,sub,22-19-51-170,5,1.0,False
pub,location,Australia,22-19-51-169,sub,22-19-51-170,5,1.0,False
pub,altitude,20478,22-19-51-170,sub,22-19-51-171,5,1.0,False
pub,light,1100,22-19-51-170,sub,22-19-51-171,5,1.0,False
pub,pressure,913,22-19-52-172,sub,22-19-52-172,5,0.0,False
pub,location,Europe,22-19-52-172,sub,22-19-52-173,5,1.0,False
pub,altitude,6260,22-19-52-172,sub,22-19-52-174,5,2.0,False
pub,light,1100,22-19-52-172,sub,22-19-52-175,5,3.0,False
pub,pressure,887,22-19-53-175,sub,22-19-53-177,5,2.0,False
pub,location,America,22-19-53-176,sub,22-19-53-177,5,1.0,False
pub,altitude,36815,22-19-53-176,sub,22-19-53-178,5,2.0,False
pub,light,1100,22-19-53-176,sub,22-19-53-178,5,2.0,False
pub,pressure,1062,22-19-54-178,sub,22-19-54-179,5,1.0,False
pub,location,America,22-19-54-179,sub,22-19-54-180,5,1.0,False
pub,altitude,9263,22-19-54-179,sub,22-19-54-181,5,2.0,False
pub,light,1100,22-19-54-179,sub,22-19-54-182,5,3.0,False
pub,pressure,1024,22-19-55-181,sub,22-19-55-182,5,1.0,False
pub,location,Europe,22-19-55-181,sub,22-19-55-182,5,1.0,False
pub,altitude,13003,22-19-55-181,sub,22-19-55-183,5,2.0,False
pub,light,800,22-19-55-182,sub,22-19-55-183,5,1.0,False
pub,pressure,1031,22-19-56-183,sub,22-19-56-184,5,1.0,False
pub,location,Australia,22-19-56-183,sub,22-19-56-185,5,2.0,False
pub,altitude,27349,22-19-56-184,sub,22-19-56-185,5,1.0,False
pub,light,1100,22-19-56-184,sub,22-19-56-186,5,2.0,False
pub,location,Australia,22-20-25-247,sub,22-20-25-248,2,1.0,False
pub,temperature,-54,22-20-25-248,sub,22-20-25-250,2,2.0,False
pub,location,America,22-20-26-253,sub,22-20-26-254,2,1.0,False
pub,temperature,30,22-20-26-254,sub,22-20-26-255,2,1.0,False
pub,location,America,22-20-27-257,sub,22-20-27-258,2,1.0,False
pub,temperature,23,22-20-27-258,sub,22-20-27-259,2,1.0,False
pub,location,America,22-20-28-259,sub,22-20-28-260,2,1.0,False
pub,temperature,-30,22-20-28-260,sub,22-20-28-261,2,1.0,False
pub,location,Asia,22-20-29-263,sub,22-20-29-265,2,2.0,False
pub,temperature,-2,22-20-29-265,sub,22-20-29-267,2,2.0,False
pub,location,Africa,22-20-30-268,sub,22-20-30-269,2,1.0,False
pub,temperature,-81,22-20-30-269,sub,22-20-30-270,2,1.0,False
pub,location,Europe,22-20-31-273,sub,22-20-31-274,2,1.0,False
pub,temperature,48,22-20-31-274,sub,22-20-31-274,2,0.0,False
pub,location,Australia,22-20-32-278,sub,22-20-32-278,2,0.0,False
pub,temperature,-35,22-20-32-278,sub,22-20-32-279,2,1.0,False
pub,location,Africa,22-20-33-283,sub,22-20-33-284,2,1.0,False
pub,temperature,-39,22-20-33-284,sub,22-20-33-285,2,1.0,False
pub,location,Africa,22-20-34-288,sub,22-20-34-289,2,1.0,False
pub,temperature,-69,22-20-34-289,sub,22-20-34-289,2,0.0,False
pub,location,America,22-20-35-291,sub,22-20-35-292,2,1.0,False
pub,temperature,35,22-20-35-292,sub,22-20-35-293,2,1.0,False
pub,location,Europe,22-20-36-298,sub,22-20-36-299,2,1.0,False
pub,temperature,-76,22-20-36-299,sub,22-20-36-301,2,2.0,False
pub,location,Australia,22-20-37-300,sub,22-20-37-301,2,1.0,False
pub,temperature,-1,22-20-37-301,sub,22-20-37-302,2,1.0,False
pub,location,Asia,22-20-38-302,sub,22-20-38-303,2,1.0,False
pub,temperature,-48,22-20-38-303,sub,22-20-38-304,2,1.0,False
pub,location,Australia,22-20-39-306,sub,22-20-39-307,2,1.0,False
pub,temperature,43,22-20-39-307,sub,22-20-39-308,2,1.0,False
pub,location,Europe,22-20-40-311,sub,22-20-40-312,2,1.0,False
pub,temperature,-29,22-20-40-312,sub,22-20-40-313,2,1.0,False
pub,location,Asia,22-20-41-316,sub,22-20-41-317,2,1.0,False
pub,temperature,-58,22-20-41-317,sub,22-20-41-318,2,1.0,False
pub,location,Europe,22-20-42-320,sub,22-20-42-322,2,2.0,False
pub,temperature,85,22-20-42-322,sub,22-20-42-325,2,3.0,False
pub,location,Asia,22-20-43-326,sub,22-20-43-327,2,1.0,False
pub,temperature,72,22-20-43-327,sub,22-20-43-328,2,1.0,False
pub,location,Australia,22-20-44-329,sub,22-20-44-331,2,2.0,False
pub,temperature,73,22-20-44-331,sub,22-20-44-333,2,2.0,False
pub,location,Asia,22-21-15-662,pingu,22-21-15-662,3,0.0,False
pub,weather,cloudy,22-21-15-662,pingu,22-21-15-665,3,3.0,False
pub,humidity,85.44070304382568,22-21-15-662,pingu,22-21-15-666,3,4.0,False
pub,location,Europe,22-21-16-664,pingu,22-21-16-665,3,1.0,False
pub,weather,rainy,22-21-16-664,pingu,22-21-16-666,3,2.0,False
pub,humidity,44.7664725841803,22-21-16-665,pingu,22-21-16-667,3,2.0,False
pub,location,Asia,22-21-17-665,pingu,22-21-17-667,3,2.0,False
pub,weather,foggy,22-21-17-666,pingu,22-21-17-669,3,3.0,False
pub,humidity,38.12977774706883,22-21-17-666,pingu,22-21-17-669,3,3.0,False
pub,location,Australia,22-21-18-669,pingu,22-21-18-670,3,1.0,False
pub,weather,cloudy,22-21-18-669,pingu,22-21-18-671,3,2.0,False
pub,humidity,90.39636613767276,22-21-18-669,pingu,22-21-18-671,3,2.0,False
pub,location,Africa,22-21-19-671,pingu,22-21-19-673,3,2.0,False
pub,weather,cloudy,22-21-19-671,pingu,22-21-19-673,3,2.0,False
pub,humidity,13.512363816511813,22-21-19-672,pingu,22-21-19-674,3,2.0,False
pub,location,Europe,22-21-20-673,pingu,22-21-20-674,3,1.0,False
pub,weather,sunny,22-21-20-673,pingu,22-21-20-675,3,2.0,False
pub,humidity,27.48419715420922,22-21-20-674,pingu,22-21-20-676,3,2.0,False
pub,location,Africa,22-21-21-675,pingu,22-21-21-677,3,2.0,False
pub,weather,rainy,22-21-21-675,pingu,22-21-21-677,3,2.0,False
pub,humidity,84.70539643509728,22-21-21-675,pingu,22-21-21-678,3,3.0,False
pub,location,Australia,22-21-22-677,pingu,22-21-22-678,3,1.0,False
pub,weather,foggy,22-21-22-677,pingu,22-21-22-679,3,2.0,False
pub,humidity,49.66663301874209,22-21-22-678,pingu,22-21-22-680,3,2.0,False
pub,location,America,22-21-23-679,pingu,22-21-23-680,3,1.0,False
pub,weather,cloudy,22-21-23-679,pingu,22-21-23-681,3,2.0,False
pub,humidity,54.29146754381065,22-21-23-679,pingu,22-21-23-682,3,3.0,False
pub,location,Asia,22-21-24-681,pingu,22-21-24-682,3,1.0,False
pub,weather,sunny,22-21-24-681,pingu,22-21-24-683,3,2.0,False
pub,humidity,85.99618173264203,22-21-24-681,pingu,22-21-24-684,3,3.0,False
pub,location,Europe,22-21-25-686,pingu,22-21-25-691,3,5.0,False
pub,weather,icy,22-21-25-687,pingu,22-21-25-695,3,8.0,False
pub,humidity,33.37475367844435,22-21-25-689,pingu,22-21-25-698,3,9.0,False
pub,location,Australia,22-21-26-693,pingu,22-21-26-695,3,2.0,False
pub,weather,sunny,22-21-26-694,pingu,22-21-26-696,3,2.0,False
pub,humidity,52.068892687718254,22-21-26-694,pingu,22-21-26-696,3,2.0,False
pub,location,Europe,22-21-27-696,pingu,22-21-27-697,3,1.0,False
pub,weather,sunny,22-21-27-696,pingu,22-21-27-698,3,2.0,False
pub,humidity,54.76720305723739,22-21-27-696,pingu,22-21-27-698,3,2.0,False
pub,location,Africa,22-21-35-724,pinga,22-21-35-724,1,0.0,False
pub,location,Africa,22-21-36-726,pinga,22-21-36-726,1,0.0,False
pub,location,Africa,22-21-37-729,pinga,22-21-37-729,1,0.0,False
pub,location,Australia,22-21-38-731,pinga,22-21-38-732,1,1.0,False
pub,location,Asia,22-21-39-734,pinga,22-21-39-735,1,1.0,False
pub,location,Africa,22-21-40-737,pinga,22-21-40-737,1,0.0,False
pub,location,America,22-21-41-740,pinga,22-21-41-741,1,1.0,False
pub,location,Australia,22-21-42-744,pinga,22-21-42-745,1,1.0,False
pub,location,Europe,22-21-43-747,pinga,22-21-43-748,1,1.0,False
pub,location,Australia,22-21-44-749,pinga,22-21-44-750,1,1.0,False
pub,location,Europe,22-21-45-753,pinga,22-21-45-754,1,1.0,False
pub,location,Africa,22-21-46-756,pinga,22-21-46-757,1,1.0,False
pub,location,America,22-21-47-759,pinga,22-21-47-760,1,1.0,False
pub,location,Africa,22-21-48-763,pinga,22-21-48-764,1,1.0,False
pub,location,Asia,22-21-49-767,pinga,22-21-49-768,1,1.0,False
pub,location,Africa,22-21-50-770,pinga,22-21-50-770,1,0.0,False
pub,location,Australia,22-21-51-773,pinga,22-21-51-773,1,0.0,False
pub,location,America,22-21-52-776,pinga,22-21-52-777,1,1.0,False
pub,location,Australia,22-21-53-779,pinga,22-21-53-780,1,1.0,False
pub,location,Asia,22-21-54-782,pinga,22-21-54-783,1,1.0,False
pub,airquality,smog,22-22-44-940,pingi,22-22-44-941,8,1.0,False
pub,location,Europe,22-22-44-941,pingi,22-22-44-943,8,2.0,False
pub,pressure,957,22-22-44-941,pingi,22-22-44-944,8,3.0,False
pub,weather,rainy,22-22-44-941,pingi,22-22-44-945,8,4.0,False
pub,sound,62,22-22-44-941,pingi,22-22-44-948,8,7.0,False
pub,temperature,11,22-22-44-942,pingi,22-22-44-949,8,7.0,False
pub,airquality,smog,22-22-45-942,pingi,22-22-45-945,8,3.0,False
pub,location,Australia,22-22-45-943,pingi,22-22-45-945,8,2.0,False
pub,pressure,886,22-22-45-943,pingi,22-22-45-946,8,3.0,False
pub,weather,sunny,22-22-45-943,pingi,22-22-45-947,8,4.0,False
pub,sound,48,22-22-45-943,pingi,22-22-45-948,8,5.0,False
pub,temperature,-16,22-22-45-944,pingi,22-22-45-949,8,5.0,False
pub,airquality,poor,22-22-46-946,pingi,22-22-46-949,8,3.0,False
pub,location,Asia,22-22-46-946,pingi,22-22-46-949,8,3.0,False
pub,pressure,907,22-22-46-947,pingi,22-22-46-950,8,3.0,False
pub,weather,cloudy,22-22-46-947,pingi,22-22-46-950,8,3.0,False
pub,sound,69,22-22-46-947,pingi,22-22-46-951,8,4.0,False
pub,temperature,-79,22-22-46-948,pingi,22-22-46-952,8,4.0,False
pub,airquality,smog,22-22-47-949,pingi,22-22-47-951,8,2.0,False
pub,location,Asia,22-22-47-950,pingi,22-22-47-952,8,2.0,False
pub,pressure,959,22-22-47-950,pingi,22-22-47-953,8,3.0,False
pub,weather,icy,22-22-47-950,pingi,22-22-47-954,8,4.0,False
pub,sound,53,22-22-47-950,pingi,22-22-47-955,8,5.0,False
pub,temperature,52,22-22-47-950,pingi,22-22-47-956,8,6.0,False
pub,airquality,smog,22-22-48-951,pingi,22-22-48-953,8,2.0,False
pub,location,Australia,22-22-48-952,pingi,22-22-48-954,8,2.0,False
pub,pressure,995,22-22-48-952,pingi,22-22-48-955,8,3.0,False
pub,weather,rainy,22-22-48-952,pingi,22-22-48-956,8,4.0,False
pub,sound,74,22-22-48-952,pingi,22-22-48-957,8,5.0,False
pub,temperature,56,22-22-48-952,pingi,22-22-48-959,8,7.0,False
pub,airquality,good,22-22-49-955,pingi,22-22-49-957,8,2.0,False
pub,location,America,22-22-49-955,pingi,22-22-49-957,8,2.0,False
pub,pressure,1003,22-22-49-955,pingi,22-22-49-958,8,3.0,False
pub,weather,sunny,22-22-49-955,pingi,22-22-49-959,8,4.0,False
pub,sound,43,22-22-49-956,pingi,22-22-49-959,8,3.0,False
pub,temperature,-14,22-22-49-956,pingi,22-22-49-960,8,4.0,False
pub,airquality,smog,22-22-50-958,pingi,22-22-50-960,8,2.0,False
pub,location,America,22-22-50-958,pingi,22-22-50-961,8,3.0,False
pub,pressure,995,22-22-50-958,pingi,22-22-50-961,8,3.0,False
pub,weather,sunny,22-22-50-959,pingi,22-22-50-962,8,3.0,False
pub,sound,57,22-22-50-959,pingi,22-22-50-963,8,4.0,False
pub,temperature,63,22-22-50-959,pingi,22-22-50-963,8,4.0,False
pub,airquality,poor,22-22-51-960,pingi,22-22-51-962,8,2.0,False
pub,location,Africa,22-22-51-960,pingi,22-22-51-963,8,3.0,False
pub,pressure,1061,22-22-51-961,pingi,22-22-51-963,8,2.0,False
pub,weather,cloudy,22-22-51-961,pingi,22-22-51-964,8,3.0,False
pub,sound,56,22-22-51-961,pingi,22-22-51-964,8,3.0,False
pub,temperature,-89,22-22-51-961,pingi,22-22-51-965,8,4.0,False
pub,airquality,good,22-22-52-966,pingi,22-22-52-968,8,2.0,False
pub,location,America,22-22-52-966,pingi,22-22-52-969,8,3.0,False
pub,pressure,1082,22-22-52-967,pingi,22-22-52-969,8,2.0,False
pub,weather,cloudy,22-22-52-967,pingi,22-22-52-970,8,3.0,False
pub,sound,92,22-22-52-967,pingi,22-22-52-971,8,4.0,False
pub,temperature,-41,22-22-52-967,pingi,22-22-52-972,8,5.0,False
pub,airquality,good,22-22-53-971,pingi,22-22-53-975,8,4.0,False
pub,location,Europe,22-22-53-971,pingi,22-22-53-976,8,5.0,False
pub,pressure,1006,22-22-53-972,pingi,22-22-53-977,8,5.0,False
pub,weather,icy,22-22-53-972,pingi,22-22-53-977,8,5.0,False
pub,sound,66,22-22-53-972,pingi,22-22-53-978,8,6.0,False
pub,temperature,-66,22-22-53-974,pingi,22-22-53-978,8,4.0,False
pub,airquality,poor,22-22-54-978,pingi,22-22-54-980,8,2.0,False
pub,location,Europe,22-22-54-978,pingi,22-22-54-981,8,3.0,False
pub,pressure,913,22-22-54-979,pingi,22-22-54-981,8,2.0,False
pub,weather,icy,22-22-54-979,pingi,22-22-54-982,8,3.0,False
pub,sound,42,22-22-54-979,pingi,22-22-54-983,8,4.0,False
pub,temperature,75,22-22-54-979,pingi,22-22-54-983,8,4.0,False
pub,airquality,poor,22-22-55-982,pingi,22-22-55-983,8,1.0,False
pub,location,Europe,22-22-55-982,pingi,22-22-55-984,8,2.0,False
pub,pressure,1052,22-22-55-982,pingi,22-22-55-984,8,2.0,False
pub,weather,icy,22-22-55-983,pingi,22-22-55-985,8,2.0,False
pub,sound,55,22-22-55-983,pingi,22-22-55-985,8,2.0,False
pub,temperature,-72,22-22-55-983,pingi,22-22-55-985,8,2.0,False
pub,airquality,smog,22-22-56-985,pingi,22-22-56-987,8,2.0,False
pub,location,America,22-22-56-986,pingi,22-22-56-987,8,1.0,False
pub,pressure,965,22-22-56-986,pingi,22-22-56-988,8,2.0,False
pub,weather,cloudy,22-22-56-986,pingi,22-22-56-988,8,2.0,False
pub,sound,50,22-22-56-986,pingi,22-22-56-988,8,2.0,False
pub,temperature,28,22-22-56-986,pingi,22-22-56-989,8,3.0,False
pub,airquality,smog,22-22-57-988,pingi,22-22-57-990,8,2.0,False
pub,location,Asia,22-22-57-989,pingi,22-22-57-991,8,2.0,False
pub,pressure,954,22-22-57-989,pingi,22-22-57-991,8,2.0,False
pub,weather,icy,22-22-57-989,pingi,22-22-57-992,8,3.0,False
pub,sound,93,22-22-57-989,pingi,22-22-57-993,8,4.0,False
pub,temperature,76,22-22-57-989,pingi,22-22-57-993,8,4.0,False
pub,airquality,good,22-22-58-997,pingi,22-22-59-029,8,32.0,False
pub,location,Australia,22-22-59-014,pingi,22-22-59-076,8,62.0,False
pub,pressure,960,22-22-59-025,pingi,22-22-59-095,8,70.0,False
pub,weather,foggy,22-22-59-060,pingi,22-22-59-143,8,83.0,False
pub,sound,42,22-22-59-076,pingi,22-22-59-149,8,73.0,False
pub,temperature,89,22-22-59-094,pingi,22-22-59-152,8,58.0,False
pub,airquality,poor,22-23-00-099,pingi,22-23-00-101,8,2.0,False
pub,location,Africa,22-23-00-099,pingi,22-23-00-101,8,2.0,False
pub,pressure,984,22-23-00-099,pingi,22-23-00-101,8,2.0,False
pub,weather,cloudy,22-23-00-099,pingi,22-23-00-102,8,3.0,False
pub,sound,61,22-23-00-100,pingi,22-23-00-103,8,3.0,False
pub,temperature,84,22-23-00-100,pingi,22-23-00-103,8,3.0,False
pub,airquality,good,22-23-01-103,pingi,22-23-01-106,8,3.0,False
pub,location,Asia,22-23-01-104,pingi,22-23-01-107,8,3.0,False
pub,pressure,1056,22-23-01-104,pingi,22-23-01-107,8,3.0,False
pub,weather,cloudy,22-23-01-105,pingi,22-23-01-108,8,3.0,False
pub,sound,78,22-23-01-105,pingi,22-23-01-108,8,3.0,False
pub,temperature,58,22-23-01-105,pingi,22-23-01-109,8,4.0,False
pub,airquality,good,22-23-02-107,pingi,22-23-02-110,8,3.0,False
pub,location,Europe,22-23-02-107,pingi,22-23-02-111,8,4.0,False
pub,pressure,988,22-23-02-108,pingi,22-23-02-112,8,4.0,False
pub,weather,sunny,22-23-02-109,pingi,22-23-02-112,8,3.0,False
pub,sound,33,22-23-02-109,pingi,22-23-02-113,8,4.0,False
pub,temperature,-37,22-23-02-110,pingi,22-23-02-113,8,3.0,False
pub,airquality,smog,22-23-03-111,pingi,22-23-03-114,8,3.0,False
pub,location,Asia,22-23-03-112,pingi,22-23-03-115,8,3.0,False
pub,pressure,930,22-23-03-112,pingi,22-23-03-115,8,3.0,False
pub,weather,foggy,22-23-03-112,pingi,22-23-03-116,8,4.0,False
pub,sound,55,22-23-03-113,pingi,22-23-03-117,8,4.0,False
pub,temperature,-14,22-23-03-113,pingi,22-23-03-118,8,5.0,False
pub,airquality,smog,22-23-04-115,pingi,22-23-04-117,8,2.0,False
pub,location,Europe,22-23-04-115,pingi,22-23-04-118,8,3.0,False
pub,pressure,960,22-23-04-115,pingi,22-23-04-118,8,3.0,False
pub,weather,foggy,22-23-04-115,pingi,22-23-04-119,8,4.0,False
pub,sound,62,22-23-04-116,pingi,22-23-04-119,8,3.0,False
pub,temperature,0,22-23-04-116,pingi,22-23-04-120,8,4.0,False
pub,airquality,good,22-23-05-120,pingi,22-23-05-122,8,2.0,False
pub,location,America,22-23-05-121,pingi,22-23-05-124,8,3.0,False
pub,pressure,1025,22-23-05-121,pingi,22-23-05-124,8,3.0,False
pub,weather,sunny,22-23-05-121,pingi,22-23-05-125,8,4.0,False
pub,sound,35,22-23-05-121,pingi,22-23-05-126,8,5.0,False
pub,temperature,-95,22-23-05-122,pingi,22-23-05-127,8,5.0,False
pub,airquality,poor,22-23-06-125,pingi,22-23-06-127,8,2.0,False
pub,location,Europe,22-23-06-125,pingi,22-23-06-128,8,3.0,False
pub,pressure,1061,22-23-06-125,pingi,22-23-06-128,8,3.0,False
pub,weather,cloudy,22-23-06-126,pingi,22-23-06-129,8,3.0,False
pub,sound,56,22-23-06-126,pingi,22-23-06-129,8,3.0,False
pub,temperature,-50,22-23-06-126,pingi,22-23-06-130,8,4.0,False
pub,airquality,poor,22-23-07-128,pingi,22-23-07-130,8,2.0,False
pub,location,Australia,22-23-07-129,pingi,22-23-07-130,8,1.0,False
pub,pressure,1033,22-23-07-129,pingi,22-23-07-131,8,2.0,False
pub,weather,cloudy,22-23-07-129,pingi,22-23-07-131,8,2.0,False
pub,sound,43,22-23-07-129,pingi,22-23-07-132,8,3.0,False
pub,temperature,88,22-23-07-129,pingi,22-23-07-133,8,4.0,False
pub,airquality,smog,22-23-08-131,pingi,22-23-08-133,8,2.0,False
pub,location,Asia,22-23-08-132,pingi,22-23-08-135,8,3.0,False
pub,pressure,987,22-23-08-132,pingi,22-23-08-135,8,3.0,False
pub,weather,sunny,22-23-08-132,pingi,22-23-08-136,8,4.0,False
pub,sound,60,22-23-08-133,pingi,22-23-08-137,8,4.0,False
pub,temperature,-42,22-23-08-133,pingi,22-23-08-137,8,4.0,False
pub,airquality,good,22-23-09-136,pingi,22-23-09-138,8,2.0,False
pub,location,Africa,22-23-09-136,pingi,22-23-09-139,8,3.0,False
pub,pressure,884,22-23-09-136,pingi,22-23-09-139,8,3.0,False
pub,weather,icy,22-23-09-136,pingi,22-23-09-140,8,4.0,False
pub,sound,74,22-23-09-137,pingi,22-23-09-141,8,4.0,False
pub,temperature,43,22-23-09-137,pingi,22-23-09-141,8,4.0,False
pub,airquality,good,22-23-10-141,pingi,22-23-10-142,8,1.0,False
pub,location,Africa,22-23-10-141,pingi,22-23-10-143,8,2.0,False
pub,pressure,893,22-23-10-141,pingi,22-23-10-144,8,3.0,False
pub,weather,cloudy,22-23-10-141,pingi,22-23-10-144,8,3.0,False
pub,sound,63,22-23-10-142,pingi,22-23-10-145,8,3.0,False
pub,temperature,-94,22-23-10-142,pingi,22-23-10-146,8,4.0,False
pub,airquality,smog,22-23-11-143,pingi,22-23-11-145,8,2.0,False
pub,location,Asia,22-23-11-144,pingi,22-23-11-146,8,2.0,False
pub,pressure,1040,22-23-11-144,pingi,22-23-11-147,8,3.0,False
pub,weather,foggy,22-23-11-144,pingi,22-23-11-147,8,3.0,False
pub,sound,45,22-23-11-144,pingi,22-23-11-148,8,4.0,False
pub,temperature,-21,22-23-11-145,pingi,22-23-11-149,8,4.0,False
pub,airquality,poor,22-23-28-198,Robby,22-23-28-199,9,1.0,False
pub,location,Africa,22-23-28-198,Robby,22-23-28-202,9,4.0,False
pub,pressure,1022,22-23-28-199,Robby,22-23-28-203,9,4.0,False
pub,weather,sunny,22-23-28-199,Robby,22-23-28-203,9,4.0,False
pub,sound,75,22-23-28-199,Robby,22-23-28-204,9,5.0,False
pub,humidity,80.77735229399171,22-23-28-200,Robby,22-23-28-205,9,5.0,False
pub,temperature,-96,22-23-28-200,Robby,22-23-28-205,9,5.0,False
pub,airquality,good,22-23-29-201,Robby,22-23-29-202,9,1.0,False
pub,location,Europe,22-23-29-202,Robby,22-23-29-203,9,1.0,False
pub,pressure,1056,22-23-29-202,Robby,22-23-29-204,9,2.0,False
pub,weather,cloudy,22-23-29-202,Robby,22-23-29-205,9,3.0,False
pub,sound,59,22-23-29-202,Robby,22-23-29-205,9,3.0,False
pub,humidity,60.43356128925197,22-23-29-203,Robby,22-23-29-206,9,3.0,False
pub,temperature,-45,22-23-29-203,Robby,22-23-29-206,9,3.0,False
pub,airquality,poor,22-23-30-206,Robby,22-23-30-207,9,1.0,False
pub,location,Europe,22-23-30-206,Robby,22-23-30-207,9,1.0,False
pub,pressure,927,22-23-30-207,Robby,22-23-30-208,9,1.0,False
pub,weather,icy,22-23-30-207,Robby,22-23-30-208,9,1.0,False
pub,sound,87,22-23-30-207,Robby,22-23-30-209,9,2.0,False
pub,humidity,71.72691881137698,22-23-30-207,Robby,22-23-30-210,9,3.0,False
pub,temperature,77,22-23-30-207,Robby,22-23-30-213,9,6.0,False
pub,airquality,poor,22-23-31-209,Robby,22-23-31-211,9,2.0,False
pub,location,Africa,22-23-31-210,Robby,22-23-31-211,9,1.0,False
pub,pressure,920,22-23-31-210,Robby,22-23-31-212,9,2.0,False
pub,weather,sunny,22-23-31-211,Robby,22-23-31-213,9,2.0,False
pub,sound,43,22-23-31-211,Robby,22-23-31-214,9,3.0,False
pub,humidity,76.954442399941,22-23-31-211,Robby,22-23-31-214,9,3.0,False
pub,temperature,49,22-23-31-211,Robby,22-23-31-215,9,4.0,False
pub,airquality,smog,22-23-32-215,Robby,22-23-32-216,9,1.0,False
pub,location,Europe,22-23-32-216,Robby,22-23-32-217,9,1.0,False
pub,pressure,1033,22-23-32-216,Robby,22-23-32-217,9,1.0,False
pub,weather,foggy,22-23-32-216,Robby,22-23-32-218,9,2.0,False
pub,sound,41,22-23-32-216,Robby,22-23-32-218,9,2.0,False
pub,humidity,87.76718006346744,22-23-32-217,Robby,22-23-32-218,9,1.0,False
pub,temperature,76,22-23-32-217,Robby,22-23-32-219,9,2.0,False
pub,airquality,poor,22-23-33-220,Robby,22-23-33-223,9,3.0,False
pub,location,Asia,22-23-33-222,Robby,22-23-33-228,9,6.0,False
pub,pressure,952,22-23-33-223,Robby,22-23-33-230,9,7.0,False
pub,weather,foggy,22-23-33-224,Robby,22-23-33-231,9,7.0,False
pub,sound,85,22-23-33-225,Robby,22-23-33-232,9,7.0,False
pub,humidity,36.934934663672465,22-23-33-226,Robby,22-23-33-233,9,7.0,False
pub,temperature,83,22-23-33-228,Robby,22-23-33-234,9,6.0,False
pub,airquality,poor,22-23-34-230,Robby,22-23-34-231,9,1.0,False
pub,location,Africa,22-23-34-231,Robby,22-23-34-232,9,1.0,False
pub,pressure,968,22-23-34-231,Robby,22-23-34-232,9,1.0,False
pub,weather,sunny,22-23-34-231,Robby,22-23-34-233,9,2.0,False
pub,sound,87,22-23-34-231,Robby,22-23-34-234,9,3.0,False
pub,humidity,88.77779992748391,22-23-34-232,Robby,22-23-34-234,9,2.0,False
pub,temperature,60,22-23-34-232,Robby,22-23-34-235,9,3.0,False
pub,airquality,poor,22-23-35-233,Robby,22-23-35-235,9,2.0,False
pub,location,Europe,22-23-35-234,Robby,22-23-35-236,9,2.0,False
pub,pressure,966,22-23-35-234,Robby,22-23-35-237,9,3.0,False
pub,weather,cloudy,22-23-35-235,Robby,22-23-35-238,9,3.0,False
pub,sound,90,22-23-35-235,Robby,22-23-35-239,9,4.0,False
pub,humidity,46.35768999785026,22-23-35-235,Robby,22-23-35-239,9,4.0,False
pub,temperature,-97,22-23-35-235,Robby,22-23-35-240,9,5.0,False
pub,airquality,good,22-23-36-237,Robby,22-23-36-241,9,4.0,False
pub,location,Asia,22-23-36-239,Robby,22-23-36-243,9,4.0,False
pub,pressure,906,22-23-36-240,Robby,22-23-36-244,9,4.0,False
pub,weather,foggy,22-23-36-241,Robby,22-23-36-245,9,4.0,False
pub,sound,48,22-23-36-241,Robby,22-23-36-246,9,5.0,False
pub,humidity,28.494933672628775,22-23-36-242,Robby,22-23-36-247,9,5.0,False
pub,temperature,100,22-23-36-243,Robby,22-23-36-248,9,5.0,False
pub,airquality,good,22-23-37-246,Robby,22-23-37-247,9,1.0,False
pub,location,Africa,22-23-37-246,Robby,22-23-37-248,9,2.0,False
pub,pressure,1018,22-23-37-247,Robby,22-23-37-249,9,2.0,False
pub,weather,sunny,22-23-37-247,Robby,22-23-37-250,9,3.0,False
pub,sound,87,22-23-37-247,Robby,22-23-37-251,9,4.0,False
pub,humidity,36.338979829628144,22-23-37-247,Robby,22-23-37-251,9,4.0,False
pub,temperature,-23,22-23-37-248,Robby,22-23-37-252,9,4.0,False
pub,airquality,good,22-23-38-252,Robby,22-23-38-253,9,1.0,False
pub,location,Australia,22-23-38-252,Robby,22-23-38-254,9,2.0,False
pub,pressure,903,22-23-38-252,Robby,22-23-38-254,9,2.0,False
pub,weather,icy,22-23-38-253,Robby,22-23-38-255,9,2.0,False
pub,sound,36,22-23-38-253,Robby,22-23-38-256,9,3.0,False
pub,humidity,92.68905135473645,22-23-38-253,Robby,22-23-38-256,9,3.0,False
pub,temperature,-96,22-23-38-253,Robby,22-23-38-257,9,4.0,False
pub,airquality,smog,22-23-39-257,Robby,22-23-39-258,9,1.0,False
pub,location,Europe,22-23-39-258,Robby,22-23-39-260,9,2.0,False
pub,pressure,908,22-23-39-258,Robby,22-23-39-261,9,3.0,False
pub,weather,foggy,22-23-39-258,Robby,22-23-39-261,9,3.0,False
pub,sound,50,22-23-39-258,Robby,22-23-39-262,9,4.0,False
pub,humidity,43.00645350229273,22-23-39-259,Robby,22-23-39-262,9,3.0,False
pub,temperature,-15,22-23-39-259,Robby,22-23-39-263,9,4.0,False
pub,airquality,smog,22-23-40-262,Robby,22-23-40-263,9,1.0,False
pub,location,Australia,22-23-40-262,Robby,22-23-40-264,9,2.0,False
pub,pressure,876,22-23-40-263,Robby,22-23-40-265,9,2.0,False
pub,weather,foggy,22-23-40-263,Robby,22-23-40-266,9,3.0,False
pub,sound,59,22-23-40-263,Robby,22-23-40-266,9,3.0,False
pub,humidity,65.24727817708302,22-23-40-263,Robby,22-23-40-267,9,4.0,False
pub,temperature,-82,22-23-40-264,Robby,22-23-40-268,9,4.0,False
pub,airquality,good,22-23-41-268,Robby,22-23-41-269,9,1.0,False
pub,location,Australia,22-23-41-268,Robby,22-23-41-270,9,2.0,False
pub,pressure,932,22-23-41-269,Robby,22-23-41-271,9,2.0,False
pub,weather,sunny,22-23-41-269,Robby,22-23-41-271,9,2.0,False
pub,sound,92,22-23-41-269,Robby,22-23-41-272,9,3.0,False
pub,humidity,43.563242705250424,22-23-41-269,Robby,22-23-41-272,9,3.0,False
pub,temperature,44,22-23-41-269,Robby,22-23-41-273,9,4.0,False
pub,airquality,smog,22-23-42-273,Robby,22-23-42-274,9,1.0,False
pub,location,Asia,22-23-42-274,Robby,22-23-42-275,9,1.0,False
pub,pressure,1056,22-23-42-274,Robby,22-23-42-276,9,2.0,False
pub,weather,cloudy,22-23-42-274,Robby,22-23-42-276,9,2.0,False
pub,sound,32,22-23-42-274,Robby,22-23-42-277,9,3.0,False
pub,humidity,78.71646856064167,22-23-42-274,Robby,22-23-42-277,9,3.0,False
pub,temperature,-36,22-23-42-275,Robby,22-23-42-278,9,3.0,False
pub,airquality,poor,22-23-43-278,Robby,22-23-43-278,9,0.0,False
pub,location,Australia,22-23-43-278,Robby,22-23-43-279,9,1.0,False
pub,pressure,977,22-23-43-278,Robby,22-23-43-280,9,2.0,False
pub,weather,icy,22-23-43-278,Robby,22-23-43-280,9,2.0,False
pub,sound,81,22-23-43-279,Robby,22-23-43-281,9,2.0,False
pub,humidity,82.28222123726417,22-23-43-279,Robby,22-23-43-281,9,2.0,False
pub,temperature,-34,22-23-43-279,Robby,22-23-43-282,9,3.0,False
pub,pressure,963,22-45-28-361,sub,22-45-28-363,7,2.0,False
pub,sound,81,22-45-28-361,sub,22-45-28-367,7,6.0,False
pub,humidity,46.53127719315971,22-45-28-361,sub,22-45-28-368,7,7.0,False
pub,weather,cloudy,22-45-28-361,sub,22-45-28-368,7,7.0,False
pub,location,Asia,22-45-28-362,sub,22-45-28-369,7,7.0,False
pub,altitude,31514,22-45-28-363,sub,22-45-28-369,7,6.0,False
pub,light,1600,22-45-28-363,sub,22-45-28-370,7,7.0,False
pub,pressure,939,22-45-29-364,sub,22-45-29-365,7,1.0,False
pub,sound,69,22-45-29-364,sub,22-45-29-365,7,1.0,False
pub,humidity,86.37315868496404,22-45-29-364,sub,22-45-29-366,7,2.0,False
pub,weather,icy,22-45-29-364,sub,22-45-29-367,7,3.0,False
pub,location,Africa,22-45-29-364,sub,22-45-29-368,7,4.0,False
pub,altitude,33070,22-45-29-364,sub,22-45-29-368,7,4.0,False
pub,light,800,22-45-29-364,sub,22-45-29-369,7,5.0,False
pub,pressure,1003,22-45-30-366,sub,22-45-30-367,7,1.0,False
pub,sound,45,22-45-30-367,sub,22-45-30-368,7,1.0,False
pub,humidity,31.43565775829534,22-45-30-367,sub,22-45-30-369,7,2.0,False
pub,weather,icy,22-45-30-367,sub,22-45-30-369,7,2.0,False
pub,location,Africa,22-45-30-367,sub,22-45-30-370,7,3.0,False
pub,altitude,18639,22-45-30-367,sub,22-45-30-371,7,4.0,False
pub,light,800,22-45-30-367,sub,22-45-30-371,7,4.0,False
pub,pressure,1082,22-45-31-369,sub,22-45-31-371,7,2.0,False
pub,sound,80,22-45-31-370,sub,22-45-31-372,7,2.0,False
pub,humidity,18.51030153976697,22-45-31-370,sub,22-45-31-372,7,2.0,False
pub,weather,sunny,22-45-31-370,sub,22-45-31-373,7,3.0,False
pub,location,Europe,22-45-31-370,sub,22-45-31-374,7,4.0,False
pub,altitude,21905,22-45-31-371,sub,22-45-31-375,7,4.0,False
pub,light,1600,22-45-31-371,sub,22-45-31-376,7,5.0,False
pub,pressure,1004,22-45-32-373,sub,22-45-32-375,7,2.0,False
pub,sound,48,22-45-32-373,sub,22-45-32-376,7,3.0,False
pub,humidity,64.1836335710883,22-45-32-373,sub,22-45-32-376,7,3.0,False
pub,weather,cloudy,22-45-32-373,sub,22-45-32-377,7,4.0,False
pub,location,America,22-45-32-373,sub,22-45-32-378,7,5.0,False
pub,altitude,39187,22-45-32-374,sub,22-45-32-379,7,5.0,False
pub,light,450,22-45-32-374,sub,22-45-32-379,7,5.0,False
pub,pressure,973,22-45-33-380,sub,22-45-33-381,7,1.0,False
pub,sound,91,22-45-33-380,sub,22-45-33-383,7,3.0,False
pub,humidity,59.00596518181508,22-45-33-380,sub,22-45-33-383,7,3.0,False
pub,weather,foggy,22-45-33-380,sub,22-45-33-384,7,4.0,False
pub,location,Africa,22-45-33-380,sub,22-45-33-386,7,6.0,False
pub,altitude,16894,22-45-33-381,sub,22-45-33-390,7,9.0,False
pub,light,1600,22-45-33-381,sub,22-45-33-391,7,10.0,False
pub,pressure,1057,22-45-34-382,sub,22-45-34-384,7,2.0,False
pub,sound,93,22-45-34-383,sub,22-45-34-385,7,2.0,False
pub,humidity,16.434472947751495,22-45-34-383,sub,22-45-34-386,7,3.0,False
pub,weather,icy,22-45-34-384,sub,22-45-34-387,7,3.0,False
pub,location,Africa,22-45-34-384,sub,22-45-34-387,7,3.0,False
pub,altitude,7448,22-45-34-384,sub,22-45-34-388,7,4.0,False
pub,light,450,22-45-34-384,sub,22-45-34-388,7,4.0,False
pub,pressure,877,22-45-35-386,sub,22-45-35-388,7,2.0,False
pub,sound,76,22-45-35-387,sub,22-45-35-388,7,1.0,False
pub,humidity,89.54130904276464,22-45-35-387,sub,22-45-35-389,7,2.0,False
pub,weather,rainy,22-45-35-387,sub,22-45-35-390,7,3.0,False
pub,location,Australia,22-45-35-387,sub,22-45-35-390,7,3.0,False
pub,altitude,36054,22-45-35-387,sub,22-45-35-391,7,4.0,False
pub,light,1100,22-45-35-387,sub,22-45-35-392,7,5.0,False
pub,pressure,888,22-45-36-389,sub,22-45-36-390,7,1.0,False
pub,sound,58,22-45-36-389,sub,22-45-36-391,7,2.0,False
pub,humidity,98.14773786021833,22-45-36-389,sub,22-45-36-392,7,3.0,False
pub,weather,rainy,22-45-36-389,sub,22-45-36-393,7,4.0,False
pub,location,Australia,22-45-36-389,sub,22-45-36-393,7,4.0,False
pub,altitude,5783,22-45-36-389,sub,22-45-36-394,7,5.0,False
pub,light,1600,22-45-36-389,sub,22-45-36-395,7,6.0,False
pub,pressure,907,22-45-37-390,sub,22-45-37-392,7,2.0,False
pub,sound,46,22-45-37-390,sub,22-45-37-392,7,2.0,False
pub,humidity,38.66389665382688,22-45-37-391,sub,22-45-37-393,7,2.0,False
pub,weather,foggy,22-45-37-391,sub,22-45-37-394,7,3.0,False
pub,location,Africa,22-45-37-391,sub,22-45-37-395,7,4.0,False
pub,altitude,21968,22-45-37-391,sub,22-45-37-395,7,4.0,False
pub,light,450,22-45-37-391,sub,22-45-37-396,7,5.0,False
pub,pressure,1038,22-53-44-118,sub,22-53-44-119,7,1.0,False
pub,light,450,22-53-44-119,sub,22-53-44-122,7,3.0,False
pub,weather,icy,22-53-44-119,sub,22-53-44-123,7,4.0,False
pub,altitude,1395,22-53-44-119,sub,22-53-44-123,7,4.0,False
pub,location,America,22-53-44-119,sub,22-53-44-124,7,5.0,False
pub,pressure,1066,22-53-45-120,sub,22-53-45-121,7,1.0,False
pub,light,450,22-53-45-121,sub,22-53-45-122,7,1.0,False
pub,weather,rainy,22-53-45-121,sub,22-53-45-122,7,1.0,False
pub,altitude,1333,22-53-45-121,sub,22-53-45-122,7,1.0,False
pub,location,Africa,22-53-45-121,sub,22-53-45-123,7,2.0,False
pub,pressure,1078,22-53-46-123,sub,22-53-46-125,7,2.0,False
pub,light,450,22-53-46-123,sub,22-53-46-127,7,4.0,False
pub,weather,rainy,22-53-46-124,sub,22-53-46-129,7,5.0,False
pub,altitude,21375,22-53-46-124,sub,22-53-46-131,7,7.0,False
pub,location,Africa,22-53-46-124,sub,22-53-46-132,7,8.0,False
pub,pressure,946,22-53-47-131,sub,22-53-47-131,7,0.0,False
pub,light,1100,22-53-47-131,sub,22-53-47-132,7,1.0,False
pub,weather,sunny,22-53-47-131,sub,22-53-47-133,7,2.0,False
pub,altitude,21942,22-53-47-131,sub,22-53-47-134,7,3.0,False
pub,location,America,22-53-47-131,sub,22-53-47-134,7,3.0,False
pub,altitude,12042,23-30-34-667,sub,23-30-34-670,7,3.0,False
pub,temperature,33,23-30-34-668,sub,23-30-34-674,7,6.0,False
pub,location,Africa,23-30-34-668,sub,23-30-34-676,7,8.0,False
pub,pressure,912,23-30-34-669,sub,23-30-34-677,7,8.0,False
pub,humidity,51.19035921226409,23-30-34-669,sub,23-30-34-678,7,9.0,False
pub,sound,56,23-30-34-669,sub,23-30-34-678,7,9.0,False
pub,weather,icy,23-30-34-669,sub,23-30-34-680,7,11.0,False
pub,altitude,18814,23-30-35-671,sub,23-30-35-674,7,3.0,False
pub,temperature,-3,23-30-35-672,sub,23-30-35-675,7,3.0,False
pub,location,Africa,23-30-35-672,sub,23-30-35-677,7,5.0,False
pub,pressure,1010,23-30-35-673,sub,23-30-35-678,7,5.0,False
pub,humidity,10.211957367833993,23-30-35-673,sub,23-30-35-679,7,6.0,False
pub,sound,86,23-30-35-673,sub,23-30-35-681,7,8.0,False
pub,weather,icy,23-30-35-673,sub,23-30-35-682,7,9.0,False
pub,altitude,17504,23-30-36-678,sub,23-30-36-680,7,2.0,False
pub,temperature,27,23-30-36-679,sub,23-30-36-682,7,3.0,False
pub,location,Europe,23-30-36-679,sub,23-30-36-683,7,4.0,False
pub,pressure,1009,23-30-36-679,sub,23-30-36-684,7,5.0,False
pub,humidity,91.48126267042855,23-30-36-680,sub,23-30-36-686,7,6.0,False
pub,sound,92,23-30-36-681,sub,23-30-36-688,7,7.0,False
pub,weather,cloudy,23-30-36-681,sub,23-30-36-689,7,8.0,False
pub,altitude,18746,23-30-37-684,sub,23-30-37-685,7,1.0,False
pub,temperature,76,23-30-37-685,sub,23-30-37-687,7,2.0,False
pub,location,Asia,23-30-37-685,sub,23-30-37-687,7,2.0,False
pub,pressure,970,23-30-37-685,sub,23-30-37-688,7,3.0,False
pub,humidity,58.14267806821626,23-30-37-685,sub,23-30-37-689,7,4.0,False
pub,sound,51,23-30-37-685,sub,23-30-37-689,7,4.0,False
pub,weather,foggy,23-30-37-685,sub,23-30-37-691,7,6.0,False
pub,altitude,32913,23-30-38-689,sub,23-30-38-691,7,2.0,False
pub,temperature,91,23-30-38-690,sub,23-30-38-692,7,2.0,False
pub,location,Australia,23-30-38-690,sub,23-30-38-692,7,2.0,False
pub,pressure,966,23-30-38-690,sub,23-30-38-693,7,3.0,False
pub,humidity,19.124034957929993,23-30-38-690,sub,23-30-38-693,7,3.0,False
pub,sound,53,23-30-38-691,sub,23-30-38-694,7,3.0,False
pub,weather,icy,23-30-38-691,sub,23-30-38-694,7,3.0,False
pub,altitude,31149,23-30-39-693,sub,23-30-39-694,7,1.0,False
pub,temperature,34,23-30-39-693,sub,23-30-39-695,7,2.0,False
pub,location,Asia,23-30-39-693,sub,23-30-39-697,7,4.0,False
pub,pressure,1082,23-30-39-694,sub,23-30-39-698,7,4.0,False
pub,humidity,40.82997804759334,23-30-39-694,sub,23-30-39-699,7,5.0,False
pub,sound,49,23-30-39-694,sub,23-30-39-699,7,5.0,False
pub,weather,sunny,23-30-39-694,sub,23-30-39-701,7,7.0,False
pub,altitude,3974,23-30-40-696,sub,23-30-40-697,7,1.0,False
pub,temperature,-78,23-30-40-696,sub,23-30-40-697,7,1.0,False
pub,location,Australia,23-30-40-696,sub,23-30-40-698,7,2.0,False
pub,pressure,890,23-30-40-696,sub,23-30-40-698,7,2.0,False
pub,humidity,80.02315316370687,23-30-40-697,sub,23-30-40-699,7,2.0,False
pub,sound,91,23-30-40-697,sub,23-30-40-699,7,2.0,False
pub,weather,sunny,23-30-40-697,sub,23-30-40-699,7,2.0,False
pub,altitude,25851,23-30-41-699,sub,23-30-41-700,7,1.0,False
pub,temperature,-92,23-30-41-699,sub,23-30-41-701,7,2.0,False
pub,location,Australia,23-30-41-699,sub,23-30-41-702,7,3.0,False
pub,pressure,942,23-30-41-699,sub,23-30-41-703,7,4.0,False
pub,humidity,45.48378837915798,23-30-41-699,sub,23-30-41-703,7,4.0,False
pub,sound,38,23-30-41-699,sub,23-30-41-704,7,5.0,False
pub,weather,foggy,23-30-41-699,sub,23-30-41-705,7,6.0,False
pub,altitude,25568,23-30-42-701,sub,23-30-42-703,7,2.0,False
pub,temperature,-20,23-30-42-701,sub,23-30-42-703,7,2.0,False
pub,location,Australia,23-30-42-702,sub,23-30-42-704,7,2.0,False
pub,pressure,946,23-30-42-702,sub,23-30-42-705,7,3.0,False
pub,humidity,71.10034608189278,23-30-42-702,sub,23-30-42-705,7,3.0,False
pub,sound,61,23-30-42-702,sub,23-30-42-706,7,4.0,False
pub,weather,cloudy,23-30-42-702,sub,23-30-42-707,7,5.0,False
pub,altitude,8577,23-30-43-703,sub,23-30-43-705,7,2.0,False
pub,temperature,-73,23-30-43-703,sub,23-30-43-705,7,2.0,False
pub,location,Asia,23-30-43-703,sub,23-30-43-706,7,3.0,False
pub,pressure,984,23-30-43-704,sub,23-30-43-707,7,3.0,False
pub,humidity,36.908973884109784,23-30-43-704,sub,23-30-43-708,7,4.0,False
pub,sound,44,23-30-43-704,sub,23-30-43-709,7,5.0,False
pub,weather,foggy,23-30-43-704,sub,23-30-43-710,7,6.0,False
pub,altitude,35033,23-30-44-712,sub,23-30-44-714,7,2.0,False
pub,temperature,13,23-30-44-712,sub,23-30-44-714,7,2.0,False
pub,location,Asia,23-30-44-712,sub,23-30-44-715,7,3.0,False
pub,pressure,954,23-30-44-713,sub,23-30-44-715,7,2.0,False
pub,humidity,20.915441883228493,23-30-44-713,sub,23-30-44-716,7,3.0,False
pub,sound,61,23-30-44-713,sub,23-30-44-716,7,3.0,False
pub,weather,icy,23-30-44-713,sub,23-30-44-716,7,3.0,False
pub,altitude,36075,23-30-45-714,sub,23-30-45-715,7,1.0,False
pub,temperature,-37,23-30-45-715,sub,23-30-45-716,7,1.0,False
pub,location,America,23-30-45-715,sub,23-30-45-717,7,2.0,False
pub,pressure,1030,23-30-45-715,sub,23-30-45-717,7,2.0,False
pub,humidity,33.90395131660027,23-30-45-716,sub,23-30-45-718,7,2.0,False
pub,sound,94,23-30-45-716,sub,23-30-45-719,7,3.0,False
pub,weather,sunny,23-30-45-716,sub,23-30-45-720,7,4.0,False
pub,altitude,36707,23-30-46-723,sub,23-30-46-724,7,1.0,False
pub,temperature,42,23-30-46-724,sub,23-30-46-725,7,1.0,False
pub,location,America,23-30-46-724,sub,23-30-46-726,7,2.0,False
pub,pressure,990,23-30-46-724,sub,23-30-46-727,7,3.0,False
pub,humidity,15.224944453134789,23-30-46-725,sub,23-30-46-728,7,3.0,False
pub,sound,78,23-30-46-725,sub,23-30-46-728,7,3.0,False
pub,weather,cloudy,23-30-46-725,sub,23-30-46-729,7,4.0,False
pub,altitude,36385,23-30-47-726,sub,23-30-47-728,7,2.0,False
pub,temperature,-39,23-30-47-727,sub,23-30-47-731,7,4.0,False
pub,location,Asia,23-30-47-727,sub,23-30-47-733,7,6.0,False
pub,pressure,903,23-30-47-728,sub,23-30-47-735,7,7.0,False
pub,humidity,81.43427551341179,23-30-47-729,sub,23-30-47-736,7,7.0,False
pub,sound,61,23-30-47-730,sub,23-30-47-737,7,7.0,False
pub,weather,cloudy,23-30-47-732,sub,23-30-47-737,7,5.0,False
pub,altitude,14471,23-30-48-739,sub,23-30-48-741,7,2.0,False
pub,temperature,56,23-30-48-740,sub,23-30-48-743,7,3.0,False
pub,location,America,23-30-48-741,sub,23-30-48-743,7,2.0,False
pub,pressure,965,23-30-48-741,sub,23-30-48-744,7,3.0,False
pub,humidity,58.97116538373961,23-30-48-741,sub,23-30-48-745,7,4.0,False
pub,sound,43,23-30-48-741,sub,23-30-48-746,7,5.0,False
pub,weather,icy,23-30-48-741,sub,23-30-48-747,7,6.0,False
pub,altitude,9535,23-30-49-742,sub,23-30-49-743,7,1.0,False
pub,temperature,-13,23-30-49-743,sub,23-30-49-744,7,1.0,False
pub,location,America,23-30-49-743,sub,23-30-49-745,7,2.0,False
pub,pressure,1076,23-30-49-743,sub,23-30-49-747,7,4.0,False
pub,humidity,25.081855975589786,23-30-49-744,sub,23-30-49-748,7,4.0,False
pub,sound,77,23-30-49-744,sub,23-30-49-749,7,5.0,False
pub,weather,sunny,23-30-49-744,sub,23-30-49-751,7,7.0,False
pub,altitude,32062,23-30-50-749,sub,23-30-50-750,7,1.0,False
pub,temperature,30,23-30-50-749,sub,23-30-50-751,7,2.0,False
pub,location,Africa,23-30-50-749,sub,23-30-50-752,7,3.0,False
pub,pressure,896,23-30-50-750,sub,23-30-50-753,7,3.0,False
pub,humidity,86.12056768742285,23-30-50-750,sub,23-30-50-755,7,5.0,False
pub,sound,35,23-30-50-750,sub,23-30-50-756,7,6.0,False
pub,weather,cloudy,23-30-50-751,sub,23-30-50-757,7,6.0,False
pub,altitude,14099,23-30-51-755,sub,23-30-51-756,7,1.0,False
pub,temperature,44,23-30-51-756,sub,23-30-51-758,7,2.0,False
pub,location,Asia,23-30-51-756,sub,23-30-51-758,7,2.0,False
pub,pressure,1017,23-30-51-757,sub,23-30-51-759,7,2.0,False
pub,humidity,79.79244289214162,23-30-51-757,sub,23-30-51-760,7,3.0,False
pub,sound,76,23-30-51-757,sub,23-30-51-761,7,4.0,False
pub,weather,foggy,23-30-51-758,sub,23-30-51-761,7,3.0,False
pub,altitude,22565,23-30-52-759,sub,23-30-52-760,7,1.0,False
pub,temperature,25,23-30-52-759,sub,23-30-52-760,7,1.0,False
pub,location,Europe,23-30-52-759,sub,23-30-52-761,7,2.0,False
pub,pressure,1077,23-30-52-759,sub,23-30-52-761,7,2.0,False
pub,humidity,68.8758379572638,23-30-52-760,sub,23-30-52-762,7,2.0,False
pub,sound,38,23-30-52-760,sub,23-30-52-763,7,3.0,False
pub,weather,sunny,23-30-52-760,sub,23-30-52-763,7,3.0,False
pub,altitude,9989,23-30-53-762,sub,23-30-53-763,7,1.0,False
pub,temperature,48,23-30-53-763,sub,23-30-53-764,7,1.0,False
pub,location,Europe,23-30-53-763,sub,23-30-53-764,7,1.0,False
pub,pressure,1065,23-30-53-763,sub,23-30-53-765,7,2.0,False
pub,humidity,29.638970376702318,23-30-53-763,sub,23-30-53-765,7,2.0,False
pub,sound,76,23-30-53-763,sub,23-30-53-766,7,3.0,False
pub,weather,icy,23-30-53-764,sub,23-30-53-766,7,2.0,False
pub,altitude,24624,23-30-54-767,sub,23-30-54-768,7,1.0,False
pub,temperature,-40,23-30-54-767,sub,23-30-54-768,7,1.0,False
pub,location,Europe,23-30-54-767,sub,23-30-54-769,7,2.0,False
pub,pressure,985,23-30-54-768,sub,23-30-54-770,7,2.0,False
pub,humidity,80.51153640302783,23-30-54-768,sub,23-30-54-770,7,2.0,False
pub,sound,43,23-30-54-768,sub,23-30-54-772,7,4.0,False
pub,weather,foggy,23-30-54-768,sub,23-30-54-772,7,4.0,False
pub,altitude,13913,23-30-55-770,sub,23-30-55-771,7,1.0,False
pub,temperature,-68,23-30-55-771,sub,23-30-55-771,7,0.0,False
pub,location,Australia,23-30-55-771,sub,23-30-55-772,7,1.0,False
pub,pressure,896,23-30-55-771,sub,23-30-55-772,7,1.0,False
pub,humidity,76.76196311466761,23-30-55-771,sub,23-30-55-772,7,1.0,False
pub,sound,92,23-30-55-771,sub,23-30-55-773,7,2.0,False
pub,weather,foggy,23-30-55-771,sub,23-30-55-773,7,2.0,False
pub,altitude,19415,23-30-56-772,sub,23-30-56-773,7,1.0,False
pub,temperature,-52,23-30-56-773,sub,23-30-56-775,7,2.0,False
pub,location,Australia,23-30-56-773,sub,23-30-56-776,7,3.0,False
pub,pressure,928,23-30-56-774,sub,23-30-56-777,7,3.0,False
pub,humidity,39.6023214680676,23-30-56-774,sub,23-30-56-778,7,4.0,False
pub,sound,57,23-30-56-775,sub,23-30-56-779,7,4.0,False
pub,weather,rainy,23-30-56-775,sub,23-30-56-779,7,4.0,False
pub,altitude,36051,23-30-57-779,sub,23-30-57-780,7,1.0,False
pub,temperature,74,23-30-57-779,sub,23-30-57-781,7,2.0,False
pub,location,America,23-30-57-780,sub,23-30-57-781,7,1.0,False
pub,pressure,922,23-30-57-780,sub,23-30-57-782,7,2.0,False
pub,humidity,57.59284027451507,23-30-57-780,sub,23-30-57-782,7,2.0,False
pub,sound,84,23-30-57-781,sub,23-30-57-783,7,2.0,False
pub,weather,cloudy,23-30-57-781,sub,23-30-57-783,7,2.0,False
pub,altitude,23249,23-30-58-784,sub,23-30-58-785,7,1.0,False
pub,temperature,28,23-30-58-785,sub,23-30-58-786,7,1.0,False
pub,location,Africa,23-30-58-785,sub,23-30-58-787,7,2.0,False
pub,pressure,948,23-30-58-785,sub,23-30-58-788,7,3.0,False
pub,humidity,43.35792529005503,23-30-58-785,sub,23-30-58-789,7,4.0,False
pub,sound,70,23-30-58-786,sub,23-30-58-790,7,4.0,False
pub,weather,foggy,23-30-58-786,sub,23-30-58-791,7,5.0,False
pub,altitude,4939,23-30-59-795,sub,23-30-59-797,7,2.0,False
pub,temperature,24,23-30-59-796,sub,23-30-59-798,7,2.0,False
pub,location,Australia,23-30-59-797,sub,23-30-59-799,7,2.0,False
pub,pressure,1040,23-30-59-797,sub,23-30-59-799,7,2.0,False
pub,humidity,97.74324818192487,23-30-59-797,sub,23-30-59-800,7,3.0,False
pub,sound,33,23-30-59-798,sub,23-30-59-800,7,2.0,False
pub,weather,foggy,23-30-59-798,sub,23-30-59-801,7,3.0,False
pub,altitude,15205,23-31-00-803,sub,23-31-00-804,7,1.0,False
pub,temperature,25,23-31-00-804,sub,23-31-00-805,7,1.0,False
pub,location,Africa,23-31-00-804,sub,23-31-00-805,7,1.0,False
pub,pressure,1031,23-31-00-804,sub,23-31-00-806,7,2.0,False
pub,humidity,42.06209303918308,23-31-00-804,sub,23-31-00-807,7,3.0,False
pub,sound,56,23-31-00-805,sub,23-31-00-807,7,2.0,False
pub,weather,rainy,23-31-00-805,sub,23-31-00-807,7,2.0,False
pub,altitude,6422,23-31-01-813,sub,23-31-01-814,7,1.0,False
pub,temperature,78,23-31-01-813,sub,23-31-01-815,7,2.0,False
pub,location,Asia,23-31-01-813,sub,23-31-01-815,7,2.0,False
pub,pressure,934,23-31-01-814,sub,23-31-01-816,7,2.0,False
pub,humidity,65.19281393082652,23-31-01-814,sub,23-31-01-817,7,3.0,False
pub,sound,90,23-31-01-814,sub,23-31-01-817,7,3.0,False
pub,weather,icy,23-31-01-815,sub,23-31-01-818,7,3.0,False
pub,altitude,30419,23-31-02-819,sub,23-31-02-820,7,1.0,False
pub,temperature,78,23-31-02-819,sub,23-31-02-821,7,2.0,False
pub,location,Australia,23-31-02-820,sub,23-31-02-822,7,2.0,False
pub,pressure,971,23-31-02-820,sub,23-31-02-822,7,2.0,False
pub,humidity,67.58819808661411,23-31-02-820,sub,23-31-02-823,7,3.0,False
pub,sound,79,23-31-02-820,sub,23-31-02-824,7,4.0,False
pub,weather,foggy,23-31-02-820,sub,23-31-02-824,7,4.0,False
pub,altitude,11982,23-31-03-829,sub,23-31-03-830,7,1.0,False
pub,temperature,49,23-31-03-830,sub,23-31-03-831,7,1.0,False
pub,location,Africa,23-31-03-830,sub,23-31-03-832,7,2.0,False
pub,pressure,987,23-31-03-830,sub,23-31-03-832,7,2.0,False
pub,humidity,65.77045334532883,23-31-03-831,sub,23-31-03-833,7,2.0,False
pub,sound,74,23-31-03-831,sub,23-31-03-834,7,3.0,False
pub,weather,foggy,23-31-03-831,sub,23-31-03-834,7,3.0,False
pub,altitude,33889,23-31-04-833,sub,23-31-04-835,7,2.0,False
pub,temperature,90,23-31-04-834,sub,23-31-04-836,7,2.0,False
pub,location,America,23-31-04-835,sub,23-31-04-837,7,2.0,False
pub,pressure,1052,23-31-04-837,sub,23-31-04-838,7,1.0,False
pub,humidity,90.14278993640667,23-31-04-837,sub,23-31-04-839,7,2.0,False
pub,sound,30,23-31-04-838,sub,23-31-04-840,7,2.0,False
pub,weather,foggy,23-31-04-838,sub,23-31-04-841,7,3.0,False
pub,altitude,4002,23-31-05-844,sub,23-31-05-846,7,2.0,False
pub,temperature,-33,23-31-05-845,sub,23-31-05-847,7,2.0,False
pub,location,Asia,23-31-05-845,sub,23-31-05-848,7,3.0,False
pub,pressure,991,23-31-05-845,sub,23-31-05-849,7,4.0,False
pub,humidity,22.52331570993857,23-31-05-845,sub,23-31-05-849,7,4.0,False
pub,sound,72,23-31-05-845,sub,23-31-05-850,7,5.0,False
pub,weather,icy,23-31-05-846,sub,23-31-05-851,7,5.0,False
pub,altitude,2497,23-31-06-848,sub,23-31-06-850,7,2.0,False
pub,temperature,-55,23-31-06-849,sub,23-31-06-851,7,2.0,False
pub,location,Europe,23-31-06-849,sub,23-31-06-852,7,3.0,False
pub,pressure,920,23-31-06-849,sub,23-31-06-853,7,4.0,False
pub,humidity,83.43637659731694,23-31-06-849,sub,23-31-06-853,7,4.0,False
pub,sound,44,23-31-06-850,sub,23-31-06-854,7,4.0,False
pub,weather,icy,23-31-06-850,sub,23-31-06-855,7,5.0,False
pub,altitude,11903,23-31-07-850,sub,23-31-07-853,7,3.0,False
pub,temperature,66,23-31-07-851,sub,23-31-07-853,7,2.0,False
pub,location,Africa,23-31-07-851,sub,23-31-07-854,7,3.0,False
pub,pressure,986,23-31-07-851,sub,23-31-07-855,7,4.0,False
pub,humidity,16.714657990747327,23-31-07-852,sub,23-31-07-856,7,4.0,False
pub,sound,80,23-31-07-852,sub,23-31-07-857,7,5.0,False
pub,weather,rainy,23-31-07-852,sub,23-31-07-857,7,5.0,False
pub,altitude,22809,23-31-08-856,sub,23-31-08-858,7,2.0,False
pub,temperature,-19,23-31-08-856,sub,23-31-08-860,7,4.0,False
pub,location,Asia,23-31-08-857,sub,23-31-08-861,7,4.0,False
pub,pressure,915,23-31-08-857,sub,23-31-08-862,7,5.0,False
pub,humidity,75.71388946028473,23-31-08-857,sub,23-31-08-864,7,7.0,False
pub,sound,56,23-31-08-857,sub,23-31-08-865,7,8.0,False
pub,weather,rainy,23-31-08-858,sub,23-31-08-867,7,9.0,False
pub,altitude,36795,23-31-09-860,sub,23-31-09-862,7,2.0,False
pub,temperature,34,23-31-09-860,sub,23-31-09-863,7,3.0,False
pub,location,Asia,23-31-09-861,sub,23-31-09-863,7,2.0,False
pub,pressure,891,23-31-09-861,sub,23-31-09-864,7,3.0,False
pub,humidity,65.64508376759386,23-31-09-861,sub,23-31-09-864,7,3.0,False
pub,sound,33,23-31-09-861,sub,23-31-09-865,7,4.0,False
pub,weather,rainy,23-31-09-861,sub,23-31-09-865,7,4.0,False
pub,altitude,12010,23-31-10-865,sub,23-31-10-867,7,2.0,False
pub,temperature,11,23-31-10-865,sub,23-31-10-868,7,3.0,False
pub,location,Africa,23-31-10-865,sub,23-31-10-868,7,3.0,False
pub,pressure,919,23-31-10-865,sub,23-31-10-869,7,4.0,False
pub,humidity,85.59316651149126,23-31-10-866,sub,23-31-10-870,7,4.0,False
pub,sound,66,23-31-10-866,sub,23-31-10-872,7,6.0,False
pub,weather,sunny,23-31-10-866,sub,23-31-10-873,7,7.0,False
pub,altitude,16038,23-31-11-867,sub,23-31-11-869,7,2.0,False
pub,temperature,-87,23-31-11-868,sub,23-31-11-870,7,2.0,False
pub,location,Australia,23-31-11-868,sub,23-31-11-870,7,2.0,False
pub,pressure,905,23-31-11-868,sub,23-31-11-871,7,3.0,False
pub,humidity,25.615559038608083,23-31-11-868,sub,23-31-11-871,7,3.0,False
pub,sound,56,23-31-11-869,sub,23-31-11-871,7,2.0,False
pub,weather,icy,23-31-11-869,sub,23-31-11-872,7,3.0,False
pub,altitude,31507,23-31-12-871,sub,23-31-12-873,7,2.0,False
pub,temperature,-49,23-31-12-872,sub,23-31-12-874,7,2.0,False
pub,location,Australia,23-31-12-872,sub,23-31-12-875,7,3.0,False
pub,pressure,1059,23-31-12-872,sub,23-31-12-876,7,4.0,False
pub,humidity,46.8751844428656,23-31-12-872,sub,23-31-12-876,7,4.0,False
pub,sound,62,23-31-12-873,sub,23-31-12-877,7,4.0,False
pub,weather,cloudy,23-31-12-873,sub,23-31-12-878,7,5.0,False
pub,altitude,37306,23-31-13-881,sub,23-31-13-883,7,2.0,False
pub,temperature,30,23-31-13-881,sub,23-31-13-884,7,3.0,False
pub,location,Africa,23-31-13-881,sub,23-31-13-884,7,3.0,False
pub,pressure,899,23-31-13-882,sub,23-31-13-884,7,2.0,False
pub,humidity,21.358666108016983,23-31-13-882,sub,23-31-13-884,7,2.0,False
pub,sound,73,23-31-13-882,sub,23-31-13-885,7,3.0,False
pub,weather,icy,23-31-13-883,sub,23-31-13-885,7,2.0,False
pub,altitude,30820,23-31-14-886,sub,23-31-14-888,7,2.0,False
pub,temperature,80,23-31-14-887,sub,23-31-14-889,7,2.0,False
pub,location,Asia,23-31-14-887,sub,23-31-14-889,7,2.0,False
pub,pressure,890,23-31-14-887,sub,23-31-14-889,7,2.0,False
pub,humidity,62.97595145026207,23-31-14-887,sub,23-31-14-889,7,2.0,False
pub,sound,69,23-31-14-888,sub,23-31-14-890,7,2.0,False
pub,weather,sunny,23-31-14-888,sub,23-31-14-891,7,3.0,False
pub,altitude,37451,23-31-15-890,sub,23-31-15-893,7,3.0,False
pub,temperature,48,23-31-15-891,sub,23-31-15-893,7,2.0,False
pub,location,Asia,23-31-15-891,sub,23-31-15-893,7,2.0,False
pub,pressure,904,23-31-15-891,sub,23-31-15-894,7,3.0,False
pub,humidity,25.43049184395096,23-31-15-892,sub,23-31-15-894,7,2.0,False
pub,sound,54,23-31-15-892,sub,23-31-15-894,7,2.0,False
pub,weather,rainy,23-31-15-892,sub,23-31-15-895,7,3.0,False
pub,altitude,14872,23-31-16-895,sub,23-31-16-899,7,4.0,False
pub,temperature,97,23-31-16-896,sub,23-31-16-900,7,4.0,False
pub,location,Africa,23-31-16-897,sub,23-31-16-900,7,3.0,False
pub,pressure,959,23-31-16-897,sub,23-31-16-900,7,3.0,False
pub,humidity,18.539627052564537,23-31-16-897,sub,23-31-16-901,7,4.0,False
pub,sound,72,23-31-16-898,sub,23-31-16-901,7,3.0,False
pub,weather,icy,23-31-16-898,sub,23-31-16-902,7,4.0,False
pub,altitude,22234,23-31-17-902,sub,23-31-17-906,7,4.0,False
pub,temperature,78,23-31-17-903,sub,23-31-17-907,7,4.0,False
pub,location,America,23-31-17-904,sub,23-31-17-907,7,3.0,False
pub,pressure,1023,23-31-17-904,sub,23-31-17-908,7,4.0,False
pub,humidity,34.39087172413169,23-31-17-904,sub,23-31-17-909,7,5.0,False
pub,sound,74,23-31-17-905,sub,23-31-17-911,7,6.0,False
pub,weather,rainy,23-31-17-905,sub,23-31-17-914,7,9.0,False
pub,altitude,25113,23-31-18-906,sub,23-31-18-908,7,2.0,False
pub,temperature,21,23-31-18-907,sub,23-31-18-909,7,2.0,False
pub,location,Europe,23-31-18-907,sub,23-31-18-910,7,3.0,False
pub,pressure,953,23-31-18-907,sub,23-31-18-910,7,3.0,False
pub,humidity,75.3488835437818,23-31-18-907,sub,23-31-18-911,7,4.0,False
pub,sound,44,23-31-18-907,sub,23-31-18-911,7,4.0,False
pub,weather,icy,23-31-18-908,sub,23-31-18-912,7,4.0,False
pub,altitude,20388,23-31-19-911,sub,23-31-19-913,7,2.0,False
pub,temperature,60,23-31-19-911,sub,23-31-19-914,7,3.0,False
pub,location,Australia,23-31-19-911,sub,23-31-19-916,7,5.0,False
pub,pressure,1078,23-31-19-911,sub,23-31-19-917,7,6.0,False
pub,humidity,56.818034883994585,23-31-19-912,sub,23-31-19-917,7,5.0,False
pub,sound,41,23-31-19-912,sub,23-31-19-918,7,6.0,False
pub,weather,cloudy,23-31-19-912,sub,23-31-19-919,7,7.0,False
pub,altitude,6882,23-31-20-914,sub,23-31-20-916,7,2.0,False
pub,temperature,-87,23-31-20-914,sub,23-31-20-917,7,3.0,False
pub,location,Australia,23-31-20-915,sub,23-31-20-918,7,3.0,False
pub,pressure,894,23-31-20-915,sub,23-31-20-919,7,4.0,False
pub,humidity,95.46052097371692,23-31-20-915,sub,23-31-20-920,7,5.0,False
pub,sound,82,23-31-20-915,sub,23-31-20-921,7,6.0,False
pub,weather,sunny,23-31-20-916,sub,23-31-20-921,7,5.0,False
pub,altitude,22122,23-31-21-918,sub,23-31-21-920,7,2.0,False
pub,temperature,90,23-31-21-918,sub,23-31-21-920,7,2.0,False
pub,location,Africa,23-31-21-919,sub,23-31-21-921,7,2.0,False
pub,pressure,901,23-31-21-919,sub,23-31-21-921,7,2.0,False
pub,humidity,55.79975140615286,23-31-21-919,sub,23-31-21-921,7,2.0,False
pub,sound,68,23-31-21-919,sub,23-31-21-922,7,3.0,False
pub,weather,cloudy,23-31-21-919,sub,23-31-21-923,7,4.0,False
pub,altitude,36071,23-31-22-921,sub,23-31-22-924,7,3.0,False
pub,temperature,-30,23-31-22-922,sub,23-31-22-924,7,2.0,False
pub,location,Europe,23-31-22-922,sub,23-31-22-925,7,3.0,False
pub,pressure,1038,23-31-22-922,sub,23-31-22-927,7,5.0,False
pub,humidity,51.86989539227106,23-31-22-923,sub,23-31-22-927,7,4.0,False
pub,sound,81,23-31-22-923,sub,23-31-22-928,7,5.0,False
pub,weather,icy,23-31-22-923,sub,23-31-22-929,7,6.0,False
pub,altitude,31794,23-31-23-924,sub,23-31-23-925,7,1.0,False
pub,temperature,34,23-31-23-924,sub,23-31-23-926,7,2.0,False
pub,location,Europe,23-31-23-924,sub,23-31-23-927,7,3.0,False
pub,pressure,899,23-31-23-924,sub,23-31-23-928,7,4.0,False
pub,humidity,49.23677287146024,23-31-23-925,sub,23-31-23-929,7,4.0,False
pub,sound,78,23-31-23-925,sub,23-31-23-929,7,4.0,False
pub,weather,cloudy,23-31-23-925,sub,23-31-23-930,7,5.0,False
pub,altitude,11658,23-31-24-930,sub,23-31-24-934,7,4.0,False
pub,temperature,66,23-31-24-931,sub,23-31-24-935,7,4.0,False
pub,location,Asia,23-31-24-932,sub,23-31-24-936,7,4.0,False
pub,pressure,925,23-31-24-932,sub,23-31-24-938,7,6.0,False
pub,humidity,20.250867042380555,23-31-24-932,sub,23-31-24-940,7,8.0,False
pub,sound,62,23-31-24-932,sub,23-31-24-941,7,9.0,False
pub,weather,cloudy,23-31-24-933,sub,23-31-24-942,7,9.0,False
pub,altitude,29013,23-31-25-933,sub,23-31-25-935,7,2.0,False
pub,temperature,-64,23-31-25-934,sub,23-31-25-936,7,2.0,False
pub,location,Asia,23-31-25-934,sub,23-31-25-937,7,3.0,False
pub,pressure,873,23-31-25-934,sub,23-31-25-938,7,4.0,False
pub,humidity,33.020078062726434,23-31-25-935,sub,23-31-25-939,7,4.0,False
pub,sound,60,23-31-25-935,sub,23-31-25-940,7,5.0,False
pub,weather,foggy,23-31-25-935,sub,23-31-25-940,7,5.0,False
pub,altitude,28997,23-31-26-937,sub,23-31-26-940,7,3.0,False
pub,temperature,69,23-31-26-938,sub,23-31-26-941,7,3.0,False
pub,location,America,23-31-26-938,sub,23-31-26-941,7,3.0,False
pub,pressure,985,23-31-26-939,sub,23-31-26-942,7,3.0,False
pub,humidity,62.32536784330107,23-31-26-939,sub,23-31-26-943,7,4.0,False
pub,sound,42,23-31-26-939,sub,23-31-26-943,7,4.0,False
pub,weather,sunny,23-31-26-939,sub,23-31-26-944,7,5.0,False
pub,altitude,31043,23-31-27-941,sub,23-31-27-952,7,11.0,False
pub,temperature,75,23-31-27-945,sub,23-31-27-958,7,13.0,False
pub,location,Asia,23-31-27-961,sub,23-31-27-971,7,10.0,False
pub,pressure,997,23-31-27-963,sub,23-31-27-972,7,9.0,False
pub,humidity,71.35292545006254,23-31-27-964,sub,23-31-27-976,7,12.0,False
pub,sound,36,23-31-27-965,sub,23-31-27-977,7,12.0,False
pub,weather,rainy,23-31-27-965,sub,23-31-27-978,7,13.0,False
